Workbook

Sheet CL.SOL5--20251227
A1: ITEM NO. | B1: LINE NO. | C1: SHEET | D1: REV.A | E1: REV.0 | F1: REV.1 | G1: REMARK | H1: LINE NO.fix | I1: LINE No.1 | J1: DATE | K1: REV | L1: NumSheets | M1: REMARK.2 | N1: chk.NumSheets
A2: 1 | B2: CW-22101-2"-S1P1 | C2: 3 | D2: 45947 | E2: 45973 | H2: CW-22101-2"-S1P1 | I2: =_xlfn.LET(_xlpm.pos,IF(ISNUMBER(FIND("TRIM",B2)), 3, 2), _xlfn.TEXTBEFORE(B2, "-", _xlpm.pos)) -> CW-22101 | J2: =_xlfn.XLOOKUP("*",D2:F2,D2:F2,"",-1) -> 45973 | K2: =_xlfn.TEXTAFTER(_xlfn.XLOOKUP(J2,2:2,$1:$1), ".") -> 0 | L2: {=VALUE(_xlfn.IFS(ISERROR(FIND("(",C2,1)),C2,TRUE,MID(C2,FIND("(",C2,1)+1,LEN(C2)-FIND("(",C2,1)-1)))} -> 3 | N2: =_xlfn.LET(_xlpm.count, _xlfn.MAXIFS('DWG NO.ALL'!D:D,'DWG NO.ALL'!B:B,I2), IF(_xlpm.count=L2, "-", _xlpm.count)) -> -
A3: 2 | B3: CW-22102-2"-S1P1 | C3: 3 | D3: 45947 | E3: 45973 | H3: CW-22102-2"-S1P1 | I3: =_xlfn.LET(_xlpm.pos,IF(ISNUMBER(FIND("TRIM",B3)), 3, 2), _xlfn.TEXTBEFORE(B3, "-", _xlpm.pos)) -> CW-22102 | J3: =_xlfn.XLOOKUP("*",D3:F3,D3:F3,"",-1) -> 45973 | K3: =_xlfn.TEXTAFTER(_xlfn.XLOOKUP(J3,3:3,$1:$1), ".") -> 0 | L3: {=VALUE(_xlfn.IFS(ISERROR(FIND("(",C3,1)),C3,TRUE,MID(C3,FIND("(",C3,1)+1,LEN(C3)-FIND("(",C3,1)-1)))} -> 3 | N3: =_xlfn.LET(_xlpm.count, _xlfn.MAXIFS('DWG NO.ALL'!D:D,'DWG NO.ALL'!B:B,I3), IF(_xlpm.count=L3, "-", _xlpm.count)) -> -
A4: 3 | B4: CW-22103-1"-S1P1 | C4: 2 | D4: 45947 | E4: 45973 | H4: CW-22103-1"-S1P1 | I4: =_xlfn.LET(_xlpm.pos,IF(ISNUMBER(FIND("TRIM",B4)), 3, 2), _xlfn.TEXTBEFORE(B4, "-", _xlpm.pos)) -> CW-22103 | J4: =_xlfn.XLOOKUP("*",D4:F4,D4:F4,"",-1) -> 45973 | K4: =_xlfn.TEXTAFTER(_xlfn.XLOOKUP(J4,4:4,$1:$1), ".") -> 0 | L4: {=VALUE(_xlfn.IFS(ISERROR(FIND("(",C4,1)),C4,TRUE,MID(C4,FIND("(",C4,1)+1,LEN(C4)-FIND("(",C4,1)-1)))} -> 2 | N4: =_xlfn.LET(_xlpm.count, _xlfn.MAXIFS('DWG NO.ALL'!D:D,'DWG NO.ALL'!B:B,I4), IF(_xlpm.count=L4, "-", _xlpm.count)) -> -
A5: 4 | B5: CW-22104-1"-S1P1 | C5: 3 | D5: 45947 | E5: 45973 | H5: CW-22104-1"-S1P1 | I5: =_xlfn.LET(_xlpm.pos,IF(ISNUMBER(FIND("TRIM",B5)), 3, 2), _xlfn.TEXTBEFORE(B5, "-", _xlpm.pos)) -> CW-22104 | J5: =_xlfn.XLOOKUP("*",D5:F5,D5:F5,"",-1) -> 45973 | K5: =_xlfn.TEXTAFTER(_xlfn.XLOOKUP(J5,5:5,$1:$1), ".") -> 0 | L5: {=VALUE(_xlfn.IFS(ISERROR(FIND("(",C5,1)),C5,TRUE,MID(C5,FIND("(",C5,1)+1,LEN(C5)-FIND("(",C5,1)-1)))} -> 3 | N5: =_xlfn.LET(_xlpm.count, _xlfn.MAXIFS('DWG NO.ALL'!D:D,'DWG NO.ALL'!B:B,I5), IF(_xlpm.count=L5, "-", _xlpm.count)) -> -
A6: 5 | B6: CW-22105-4"-S1P1 | C6: 2 | D6: 45947 | E6: 45973 | H6: CW-22105-4"-S1P1 | I6: =_xlfn.LET(_xlpm.pos,IF(ISNUMBER(FIND("TRIM",B6)), 3, 2), _xlfn.TEXTBEFORE(B6, "-", _xlpm.pos)) -> CW-22105 | J6: =_xlfn.XLOOKUP("*",D6:F6,D6:F6,"",-1) -> 45973 | K6: =_xlfn.TEXTAFTER(_xlfn.XLOOKUP(J6,6:6,$1:$1), ".") -> 0 | L6: {=VALUE(_xlfn.IFS(ISERROR(FIND("(",C6,1)),C6,TRUE,MID(C6,FIND("(",C6,1)+1,LEN(C6)-FIND("(",C6,1)-1)))} -> 2 | N6: =_xlfn.LET(_xlpm.count, _xlfn.MAXIFS('DWG NO.ALL'!D:D,'DWG NO.ALL'!B:B,I6), IF(_xlpm.count=L6, "-", _xlpm.count)) -> -
A7: 6 | B7: CW-22106-4"-S1P1 | C7: 3 | D7: 45947 | E7: 45973 | H7: CW-22106-4"-S1P1 | I7: =_xlfn.LET(_xlpm.pos,IF(ISNUMBER(FIND("TRIM",B7)), 3, 2), _xlfn.TEXTBEFORE(B7, "-", _xlpm.pos)) -> CW-22106 | J7: =_xlfn.XLOOKUP("*",D7:F7,D7:F7,"",-1) -> 45973 | K7: =_xlfn.TEXTAFTER(_xlfn.XLOOKUP(J7,7:7,$1:$1), ".") -> 0 | L7: {=VALUE(_xlfn.IFS(ISERROR(FIND("(",C7,1)),C7,TRUE,MID(C7,FIND("(",C7,1)+1,LEN(C7)-FIND("(",C7,1)-1)))} -> 3 | N7: =_xlfn.LET(_xlpm.count, _xlfn.MAXIFS('DWG NO.ALL'!D:D,'DWG NO.ALL'!B:B,I7), IF(_xlpm.count=L7, "-", _xlpm.count)) -> -
A8: 7 | B8: CW-22201-3"-S1P1 | C8: 3 | D8: 45947 | E8: 45973 | H8: CW-22201-3"-S1P1 | I8: =_xlfn.LET(_xlpm.pos,IF(ISNUMBER(FIND("TRIM",B8)), 3, 2), _xlfn.TEXTBEFORE(B8, "-", _xlpm.pos)) -> CW-22201 | J8: =_xlfn.XLOOKUP("*",D8:F8,D8:F8,"",-1) -> 45973 | K8: =_xlfn.TEXTAFTER(_xlfn.XLOOKUP(J8,8:8,$1:$1), ".") -> 0 | L8: {=VALUE(_xlfn.IFS(ISERROR(FIND("(",C8,1)),C8,TRUE,MID(C8,FIND("(",C8,1)+1,LEN(C8)-FIND("(",C8,1)-1)))} -> 3 | N8: =_xlfn.LET(_xlpm.count, _xlfn.MAXIFS('DWG NO.ALL'!D:D,'DWG NO.ALL'!B:B,I8), IF(_xlpm.count=L8, "-", _xlpm.count)) -> -
A9: 8 | B9: CW-22202-3"-S1P1 | C9: 3 | D9: 45947 | E9: 45973 | H9: CW-22202-3"-S1P1 | I9: =_xlfn.LET(_xlpm.pos,IF(ISNUMBER(FIND("TRIM",B9)), 3, 2), _xlfn.TEXTBEFORE(B9, "-", _xlpm.pos)) -> CW-22202 | J9: =_xlfn.XLOOKUP("*",D9:F9,D9:F9,"",-1) -> 45973 | K9: =_xlfn.TEXTAFTER(_xlfn.XLOOKUP(J9,9:9,$1:$1), ".") -> 0 | L9: {=VALUE(_xlfn.IFS(ISERROR(FIND("(",C9,1)),C9,TRUE,MID(C9,FIND("(",C9,1)+1,LEN(C9)-FIND("(",C9,1)-1)))} -> 3 | N9: =_xlfn.LET(_xlpm.count, _xlfn.MAXIFS('DWG NO.ALL'!D:D,'DWG NO.ALL'!B:B,I9), IF(_xlpm.count=L9, "-", _xlpm.count)) -> -
A10: 9 | B10: CW-22203-2"-S1P1 | C10: 2 | D10: 45947 | E10: 45973 | H10: CW-22203-2"-S1P1 | I10: =_xlfn.LET(_xlpm.pos,IF(ISNUMBER(FIND("TRIM",B10)), 3, 2), _xlfn.TEXTBEFORE(B10, "-", _xlpm.pos)) -> CW-22203 | J10: =_xlfn.XLOOKUP("*",D10:F10,D10:F10,"",-1) -> 45973 | K10: =_xlfn.TEXTAFTER(_xlfn.XLOOKUP(J10,10:10,$1:$1), ".") -> 0 | L10: {=VALUE(_xlfn.IFS(ISERROR(FIND("(",C10,1)),C10,TRUE,MID(C10,FIND("(",C10,1)+1,LEN(C10)-FIND("(",C10,1)-1)))} -> 2 | N10: =_xlfn.LET(_xlpm.count, _xlfn.MAXIFS('DWG NO.ALL'!D:D,'DWG NO.ALL'!B:B,I10), IF(_xlpm.count=L10, "-", _xlpm.count)) -> -
A11: 10 | B11: CW-22204-2"-S1P1 | C11: 4 | D11: 45947 | E11: 45973 | H11: CW-22204-2"-S1P1 | I11: =_xlfn.LET(_xlpm.pos,IF(ISNUMBER(FIND("TRIM",B11)), 3, 2), _xlfn.TEXTBEFORE(B11, "-", _xlpm.pos)) -> CW-22204 | J11: =_xlfn.XLOOKUP("*",D11:F11,D11:F11,"",-1) -> 45973 | K11: =_xlfn.TEXTAFTER(_xlfn.XLOOKUP(J11,11:11,$1:$1), ".") -> 0 | L11: {=VALUE(_xlfn.IFS(ISERROR(FIND("(",C11,1)),C11,TRUE,MID(C11,FIND("(",C11,1)+1,LEN(C11)-FIND("(",C11,1)-1)))} -> 4 | N11: =_xlfn.LET(_xlpm.count, _xlfn.MAXIFS('DWG NO.ALL'!D:D,'DWG NO.ALL'!B:B,I11), IF(_xlpm.count=L11, "-", _xlpm.count)) -> -
A12: 11 | B12: CW-22205-6"-S1P1 | C12: 2 | D12: 45947 | E12: 45973 | H12: CW-22205-6"-S1P1 | I12: =_xlfn.LET(_xlpm.pos,IF(ISNUMBER(FIND("TRIM",B12)), 3, 2), _xlfn.TEXTBEFORE(B12, "-", _xlpm.pos)) -> CW-22205 | J12: =_xlfn.XLOOKUP("*",D12:F12,D12:F12,"",-1) -> 45973 | K12: =_xlfn.TEXTAFTER(_xlfn.XLOOKUP(J12,12:12,$1:$1), ".") -> 0 | L12: {=VALUE(_xlfn.IFS(ISERROR(FIND("(",C12,1)),C12,TRUE,MID(C12,FIND("(",C12,1)+1,LEN(C12)-FIND("(",C12,1)-1)))} -> 2 | N12: =_xlfn.LET(_xlpm.count, _xlfn.MAXIFS('DWG NO.ALL'!D:D,'DWG NO.ALL'!B:B,I12), IF(_xlpm.count=L12, "-", _xlpm.count)) -> -
A13: 12 | B13: CW-22206-6"-S1P1 | C13: 3 | D13: 45947 | E13: 45973 | H13: CW-22206-6"-S1P1 | I13: =_xlfn.LET(_xlpm.pos,IF(ISNUMBER(FIND("TRIM",B13)), 3, 2), _xlfn.TEXTBEFORE(B13, "-", _xlpm.pos)) -> CW-22206 | J13: =_xlfn.XLOOKUP("*",D13:F13,D13:F13,"",-1) -> 45973 | K13: =_xlfn.TEXTAFTER(_xlfn.XLOOKUP(J13,13:13,$1:$1), ".") -> 0 | L13: {=VALUE(_xlfn.IFS(ISERROR(FIND("(",C13,1)),C13,TRUE,MID(C13,FIND("(",C13,1)+1,LEN(C13)-FIND("(",C13,1)-1)))} -> 3 | N13: =_xlfn.LET(_xlpm.count, _xlfn.MAXIFS('DWG NO.ALL'!D:D,'DWG NO.ALL'!B:B,I13), IF(_xlpm.count=L13, "-", _xlpm.count)) -> -
A14: 13 | B14: CW-22351-8"-S1P1 | C14: 2 | D14: 45947 | E14: 45973 | H14: CW-22351-8"-S1P1 | I14: =_xlfn.LET(_xlpm.pos,IF(ISNUMBER(FIND("TRIM",B14)), 3, 2), _xlfn.TEXTBEFORE(B14, "-", _xlpm.pos)) -> CW-22351 | J14: =_xlfn.XLOOKUP("*",D14:F14,D14:F14,"",-1) -> 45973 | K14: =_xlfn.TEXTAFTER(_xlfn.XLOOKUP(J14,14:14,$1:$1), ".") -> 0 | L14: {=VALUE(_xlfn.IFS(ISERROR(FIND("(",C14,1)),C14,TRUE,MID(C14,FIND("(",C14,1)+1,LEN(C14)-FIND("(",C14,1)-1)))} -> 2 | N14: =_xlfn.LET(_xlpm.count, _xlfn.MAXIFS('DWG NO.ALL'!D:D,'DWG NO.ALL'!B:B,I14), IF(_xlpm.count=L14, "-", _xlpm.count)) -> -
A15: 14 | B15: CW-22352-8"-S1P1 | C15: 2 | D15: 45947 | E15: 45973 | H15: CW-22352-8"-S1P1 | I15: =_xlfn.LET(_xlpm.pos,IF(ISNUMBER(FIND("TRIM",B15)), 3, 2), _xlfn.TEXTBEFORE(B15, "-", _xlpm.pos)) -> CW-22352 | J15: =_xlfn.XLOOKUP("*",D15:F15,D15:F15,"",-1) -> 45973 | K15: =_xlfn.TEXTAFTER(_xlfn.XLOOKUP(J15,15:15,$1:$1), ".") -> 0 | L15: {=VALUE(_xlfn.IFS(ISERROR(FIND("(",C15,1)),C15,TRUE,MID(C15,FIND("(",C15,1)+1,LEN(C15)-FIND("(",C15,1)-1)))} -> 2 | N15: =_xlfn.LET(_xlpm.count, _xlfn.MAXIFS('DWG NO.ALL'!D:D,'DWG NO.ALL'!B:B,I15), IF(_xlpm.count=L15, "-", _xlpm.count)) -> -
A16: 15 | B16: FO-903A01-2"-S1P1F | C16: 5 | D16: 45947 | E16: 45973 | H16: FO-903A01-2"-S1P1F | I16: =_xlfn.LET(_xlpm.pos,IF(ISNUMBER(FIND("TRIM",B16)), 3, 2), _xlfn.TEXTBEFORE(B16, "-", _xlpm.pos)) -> FO-903A01 | J16: =_xlfn.XLOOKUP("*",D16:F16,D16:F16,"",-1) -> 45973 | K16: =_xlfn.TEXTAFTER(_xlfn.XLOOKUP(J16,16:16,$1:$1), ".") -> 0 | L16: {=VALUE(_xlfn.IFS(ISERROR(FIND("(",C16,1)),C16,TRUE,MID(C16,FIND("(",C16,1)+1,LEN(C16)-FIND("(",C16,1)-1)))} -> 5 | N16: =_xlfn.LET(_xlpm.count, _xlfn.MAXIFS('DWG NO.ALL'!D:D,'DWG NO.ALL'!B:B,I16), IF(_xlpm.count=L16, "-", _xlpm.count)) -> -
A17: 16 | B17: FO-903A02-1/2"-S1P1F | C17: 5 | D17: 45947 | E17: 45973 | H17: FO-903A02-1/2"-S1P1F | I17: =_xlfn.LET(_xlpm.pos,IF(ISNUMBER(FIND("TRIM",B17)), 3, 2), _xlfn.TEXTBEFORE(B17, "-", _xlpm.pos)) -> FO-903A02 | J17: =_xlfn.XLOOKUP("*",D17:F17,D17:F17,"",-1) -> 45973 | K17: =_xlfn.TEXTAFTER(_xlfn.XLOOKUP(J17,17:17,$1:$1), ".") -> 0 | L17: {=VALUE(_xlfn.IFS(ISERROR(FIND("(",C17,1)),C17,TRUE,MID(C17,FIND("(",C17,1)+1,LEN(C17)-FIND("(",C17,1)-1)))} -> 5 | N17: =_xlfn.LET(_xlpm.count, _xlfn.MAXIFS('DWG NO.ALL'!D:D,'DWG NO.ALL'!B:B,I17), IF(_xlpm.count=L17, "-", _xlpm.count)) -> -
A18: 17 | B18: FO-903A03-1.1/2"-S1P1F | C18: 1 | D18: 45947 | E18: 45973 | H18: FO-903A03-1.1/2"-S1P1F | I18: =_xlfn.LET(_xlpm.pos,IF(ISNUMBER(FIND("TRIM",B18)), 3, 2), _xlfn.TEXTBEFORE(B18, "-", _xlpm.pos)) -> FO-903A03 | J18: =_xlfn.XLOOKUP("*",D18:F18,D18:F18,"",-1) -> 45973 | K18: =_xlfn.TEXTAFTER(_xlfn.XLOOKUP(J18,18:18,$1:$1), ".") -> 0 | L18: {=VALUE(_xlfn.IFS(ISERROR(FIND("(",C18,1)),C18,TRUE,MID(C18,FIND("(",C18,1)+1,LEN(C18)-FIND("(",C18,1)-1)))} -> 1 | N18: =_xlfn.LET(_xlpm.count, _xlfn.MAXIFS('DWG NO.ALL'!D:D,'DWG NO.ALL'!B:B,I18), IF(_xlpm.count=L18, "-", _xlpm.count)) -> -
A19: 18 | B19: FO-903A04-2"-S1P1F | C19: 1 | D19: 45947 | E19: 45973 | H19: FO-903A04-2"-S1P1F | I19: =_xlfn.LET(_xlpm.pos,IF(ISNUMBER(FIND("TRIM",B19)), 3, 2), _xlfn.TEXTBEFORE(B19, "-", _xlpm.pos)) -> FO-903A04 | J19: =_xlfn.XLOOKUP("*",D19:F19,D19:F19,"",-1) -> 45973 | K19: =_xlfn.TEXTAFTER(_xlfn.XLOOKUP(J19,19:19,$1:$1), ".") -> 0 | L19: {=VALUE(_xlfn.IFS(ISERROR(FIND("(",C19,1)),C19,TRUE,MID(C19,FIND("(",C19,1)+1,LEN(C19)-FIND("(",C19,1)-1)))} -> 1 | N19: =_xlfn.LET(_xlpm.count, _xlfn.MAXIFS('DWG NO.ALL'!D:D,'DWG NO.ALL'!B:B,I19), IF(_xlpm.count=L19, "-", _xlpm.count)) -> -
A20: 19 | B20: FO-903A05-1"-S1P1F | C20: 1 | D20: 45947 | E20: 45973 | H20: FO-903A05-1"-S1P1F | I20: =_xlfn.LET(_xlpm.pos,IF(ISNUMBER(FIND("TRIM",B20)), 3, 2), _xlfn.TEXTBEFORE(B20, "-", _xlpm.pos)) -> FO-903A05 | J20: =_xlfn.XLOOKUP("*",D20:F20,D20:F20,"",-1) -> 45973 | K20: =_xlfn.TEXTAFTER(_xlfn.XLOOKUP(J20,20:20,$1:$1), ".") -> 0 | L20: {=VALUE(_xlfn.IFS(ISERROR(FIND("(",C20,1)),C20,TRUE,MID(C20,FIND("(",C20,1)+1,LEN(C20)-FIND("(",C20,1)-1)))} -> 1 | N20: =_xlfn.LET(_xlpm.count, _xlfn.MAXIFS('DWG NO.ALL'!D:D,'DWG NO.ALL'!B:B,I20), IF(_xlpm.count=L20, "-", _xlpm.count)) -> -
A21: 20 | B21: FO-903A06-1/2"-S1P1F | C21: 1 | D21: 45947 | E21: 45973 | H21: FO-903A06-1/2"-S1P1F | I21: =_xlfn.LET(_xlpm.pos,IF(ISNUMBER(FIND("TRIM",B21)), 3, 2), _xlfn.TEXTBEFORE(B21, "-", _xlpm.pos)) -> FO-903A06 | J21: =_xlfn.XLOOKUP("*",D21:F21,D21:F21,"",-1) -> 45973 | K21: =_xlfn.TEXTAFTER(_xlfn.XLOOKUP(J21,21:21,$1:$1), ".") -> 0 | L21: {=VALUE(_xlfn.IFS(ISERROR(FIND("(",C21,1)),C21,TRUE,MID(C21,FIND("(",C21,1)+1,LEN(C21)-FIND("(",C21,1)-1)))} -> 1 | N21: =_xlfn.LET(_xlpm.count, _xlfn.MAXIFS('DWG NO.ALL'!D:D,'DWG NO.ALL'!B:B,I21), IF(_xlpm.count=L21, "-", _xlpm.count)) -> -
A22: 21 | B22: FO-903A07-1/2"-S1P1F | C22: 1 | D22: 45947 | E22: 45973 | H22: FO-903A07-1/2"-S1P1F | I22: =_xlfn.LET(_xlpm.pos,IF(ISNUMBER(FIND("TRIM",B22)), 3, 2), _xlfn.TEXTBEFORE(B22, "-", _xlpm.pos)) -> FO-903A07 | J22: =_xlfn.XLOOKUP("*",D22:F22,D22:F22,"",-1) -> 45973 | K22: =_xlfn.TEXTAFTER(_xlfn.XLOOKUP(J22,22:22,$1:$1), ".") -> 0 | L22: {=VALUE(_xlfn.IFS(ISERROR(FIND("(",C22,1)),C22,TRUE,MID(C22,FIND("(",C22,1)+1,LEN(C22)-FIND("(",C22,1)-1)))} -> 1 | N22: =_xlfn.LET(_xlpm.count, _xlfn.MAXIFS('DWG NO.ALL'!D:D,'DWG NO.ALL'!B:B,I22), IF(_xlpm.count=L22, "-", _xlpm.count)) -> -
A23: 22 | B23: FO-903A08-1"-S1P1F | C23: 1 | D23: 45947 | E23: 45973 | H23: FO-903A08-1"-S1P1F | I23: =_xlfn.LET(_xlpm.pos,IF(ISNUMBER(FIND("TRIM",B23)), 3, 2), _xlfn.TEXTBEFORE(B23, "-", _xlpm.pos)) -> FO-903A08 | J23: =_xlfn.XLOOKUP("*",D23:F23,D23:F23,"",-1) -> 45973 | K23: =_xlfn.TEXTAFTER(_xlfn.XLOOKUP(J23,23:23,$1:$1), ".") -> 0 | L23: {=VALUE(_xlfn.IFS(ISERROR(FIND("(",C23,1)),C23,TRUE,MID(C23,FIND("(",C23,1)+1,LEN(C23)-FIND("(",C23,1)-1)))} -> 1 | N23: =_xlfn.LET(_xlpm.count, _xlfn.MAXIFS('DWG NO.ALL'!D:D,'DWG NO.ALL'!B:B,I23), IF(_xlpm.count=L23, "-", _xlpm.count)) -> -
A24: 23 | B24: HS-22101-1"-C3S1-HC2 | C24: 1 | D24: 45947 | E24: 45973 | H24: HS-22101-1"-C3S1-HC2 | I24: =_xlfn.LET(_xlpm.pos,IF(ISNUMBER(FIND("TRIM",B24)), 3, 2), _xlfn.TEXTBEFORE(B24, "-", _xlpm.pos)) -> HS-22101 | J24: =_xlfn.XLOOKUP("*",D24:F24,D24:F24,"",-1) -> 45973 | K24: =_xlfn.TEXTAFTER(_xlfn.XLOOKUP(J24,24:24,$1:$1), ".") -> 0 | L24: {=VALUE(_xlfn.IFS(ISERROR(FIND("(",C24,1)),C24,TRUE,MID(C24,FIND("(",C24,1)+1,LEN(C24)-FIND("(",C24,1)-1)))} -> 1 | N24: =_xlfn.LET(_xlpm.count, _xlfn.MAXIFS('DWG NO.ALL'!D:D,'DWG NO.ALL'!B:B,I24), IF(_xlpm.count=L24, "-", _xlpm.count)) -> -
A25: 24 | B25: HS-22201-2"-C3S1-HC2 | C25: 1 | D25: 45947 | E25: 45973 | H25: HS-22201-2"-C3S1-HC2 | I25: =_xlfn.LET(_xlpm.pos,IF(ISNUMBER(FIND("TRIM",B25)), 3, 2), _xlfn.TEXTBEFORE(B25, "-", _xlpm.pos)) -> HS-22201 | J25: =_xlfn.XLOOKUP("*",D25:F25,D25:F25,"",-1) -> 45973 | K25: =_xlfn.TEXTAFTER(_xlfn.XLOOKUP(J25,25:25,$1:$1), ".") -> 0 | L25: {=VALUE(_xlfn.IFS(ISERROR(FIND("(",C25,1)),C25,TRUE,MID(C25,FIND("(",C25,1)+1,LEN(C25)-FIND("(",C25,1)-1)))} -> 1 | N25: =_xlfn.LET(_xlpm.count, _xlfn.MAXIFS('DWG NO.ALL'!D:D,'DWG NO.ALL'!B:B,I25), IF(_xlpm.count=L25, "-", _xlpm.count)) -> -
A26: 25 | B26: HS-22341-4"-C3S1-HC2 | C26: 3 | D26: 45947 | E26: 45973 | H26: HS-22341-4"-C3S1-HC2 | I26: =_xlfn.LET(_xlpm.pos,IF(ISNUMBER(FIND("TRIM",B26)), 3, 2), _xlfn.TEXTBEFORE(B26, "-", _xlpm.pos)) -> HS-22341 | J26: =_xlfn.XLOOKUP("*",D26:F26,D26:F26,"",-1) -> 45973 | K26: =_xlfn.TEXTAFTER(_xlfn.XLOOKUP(J26,26:26,$1:$1), ".") -> 0 | L26: {=VALUE(_xlfn.IFS(ISERROR(FIND("(",C26,1)),C26,TRUE,MID(C26,FIND("(",C26,1)+1,LEN(C26)-FIND("(",C26,1)-1)))} -> 3 | N26: =_xlfn.LET(_xlpm.count, _xlfn.MAXIFS('DWG NO.ALL'!D:D,'DWG NO.ALL'!B:B,I26), IF(_xlpm.count=L26, "-", _xlpm.count)) -> -
A27: 26 | B27: IA-22361-1.1/2"-S1P4 | C27: 3 | D27: 45947 | E27: 45973 | H27: IA-22361-1.1/2"-S1P4 | I27: =_xlfn.LET(_xlpm.pos,IF(ISNUMBER(FIND("TRIM",B27)), 3, 2), _xlfn.TEXTBEFORE(B27, "-", _xlpm.pos)) -> IA-22361 | J27: =_xlfn.XLOOKUP("*",D27:F27,D27:F27,"",-1) -> 45973 | K27: =_xlfn.TEXTAFTER(_xlfn.XLOOKUP(J27,27:27,$1:$1), ".") -> 0 | L27: {=VALUE(_xlfn.IFS(ISERROR(FIND("(",C27,1)),C27,TRUE,MID(C27,FIND("(",C27,1)+1,LEN(C27)-FIND("(",C27,1)-1)))} -> 3 | N27: =_xlfn.LET(_xlpm.count, _xlfn.MAXIFS('DWG NO.ALL'!D:D,'DWG NO.ALL'!B:B,I27), IF(_xlpm.count=L27, "-", _xlpm.count)) -> -
A28: 27 | B28: ICW-22101-2"-S1P1-C40 | C28: 2 | D28: 45947 | E28: 45973 | H28: ICW-22101-2"-S1P1-C40 | I28: =_xlfn.LET(_xlpm.pos,IF(ISNUMBER(FIND("TRIM",B28)), 3, 2), _xlfn.TEXTBEFORE(B28, "-", _xlpm.pos)) -> ICW-22101 | J28: =_xlfn.XLOOKUP("*",D28:F28,D28:F28,"",-1) -> 45973 | K28: =_xlfn.TEXTAFTER(_xlfn.XLOOKUP(J28,28:28,$1:$1), ".") -> 0 | L28: {=VALUE(_xlfn.IFS(ISERROR(FIND("(",C28,1)),C28,TRUE,MID(C28,FIND("(",C28,1)+1,LEN(C28)-FIND("(",C28,1)-1)))} -> 2 | N28: =_xlfn.LET(_xlpm.count, _xlfn.MAXIFS('DWG NO.ALL'!D:D,'DWG NO.ALL'!B:B,I28), IF(_xlpm.count=L28, "-", _xlpm.count)) -> -
A29: 28 | B29: ICW-22102-2"-S1P1-C40 | C29: 3 | D29: 45947 | E29: 45973 | H29: ICW-22102-2"-S1P1-C40 | I29: =_xlfn.LET(_xlpm.pos,IF(ISNUMBER(FIND("TRIM",B29)), 3, 2), _xlfn.TEXTBEFORE(B29, "-", _xlpm.pos)) -> ICW-22102 | J29: =_xlfn.XLOOKUP("*",D29:F29,D29:F29,"",-1) -> 45973 | K29: =_xlfn.TEXTAFTER(_xlfn.XLOOKUP(J29,29:29,$1:$1), ".") -> 0 | L29: {=VALUE(_xlfn.IFS(ISERROR(FIND("(",C29,1)),C29,TRUE,MID(C29,FIND("(",C29,1)+1,LEN(C29)-FIND("(",C29,1)-1)))} -> 3 | N29: =_xlfn.LET(_xlpm.count, _xlfn.MAXIFS('DWG NO.ALL'!D:D,'DWG NO.ALL'!B:B,I29), IF(_xlpm.count=L29, "-", _xlpm.count)) -> -
A30: 29 | B30: ICW-22107-1"-S1P1-C40 | C30: 1 | D30: 45947 | E30: 45973 | H30: ICW-22107-1"-S1P1-C40 | I30: =_xlfn.LET(_xlpm.pos,IF(ISNUMBER(FIND("TRIM",B30)), 3, 2), _xlfn.TEXTBEFORE(B30, "-", _xlpm.pos)) -> ICW-22107 | J30: =_xlfn.XLOOKUP("*",D30:F30,D30:F30,"",-1) -> 45973 | K30: =_xlfn.TEXTAFTER(_xlfn.XLOOKUP(J30,30:30,$1:$1), ".") -> 0 | L30: {=VALUE(_xlfn.IFS(ISERROR(FIND("(",C30,1)),C30,TRUE,MID(C30,FIND("(",C30,1)+1,LEN(C30)-FIND("(",C30,1)-1)))} -> 1 | N30: =_xlfn.LET(_xlpm.count, _xlfn.MAXIFS('DWG NO.ALL'!D:D,'DWG NO.ALL'!B:B,I30), IF(_xlpm.count=L30, "-", _xlpm.count)) -> -
A31: 30 | B31: ICW-22108-1"-S1P1-C40 | C31: 1 | D31: 45947 | E31: 45973 | H31: ICW-22108-1"-S1P1-C40 | I31: =_xlfn.LET(_xlpm.pos,IF(ISNUMBER(FIND("TRIM",B31)), 3, 2), _xlfn.TEXTBEFORE(B31, "-", _xlpm.pos)) -> ICW-22108 | J31: =_xlfn.XLOOKUP("*",D31:F31,D31:F31,"",-1) -> 45973 | K31: =_xlfn.TEXTAFTER(_xlfn.XLOOKUP(J31,31:31,$1:$1), ".") -> 0 | L31: {=VALUE(_xlfn.IFS(ISERROR(FIND("(",C31,1)),C31,TRUE,MID(C31,FIND("(",C31,1)+1,LEN(C31)-FIND("(",C31,1)-1)))} -> 1 | N31: =_xlfn.LET(_xlpm.count, _xlfn.MAXIFS('DWG NO.ALL'!D:D,'DWG NO.ALL'!B:B,I31), IF(_xlpm.count=L31, "-", _xlpm.count)) -> -
A32: 31 | B32: ICW-22109-1"-S1P1-C40 | C32: 1 | D32: 45947 | E32: 45973 | H32: ICW-22109-1"-S1P1-C40 | I32: =_xlfn.LET(_xlpm.pos,IF(ISNUMBER(FIND("TRIM",B32)), 3, 2), _xlfn.TEXTBEFORE(B32, "-", _xlpm.pos)) -> ICW-22109 | J32: =_xlfn.XLOOKUP("*",D32:F32,D32:F32,"",-1) -> 45973 | K32: =_xlfn.TEXTAFTER(_xlfn.XLOOKUP(J32,32:32,$1:$1), ".") -> 0 | L32: {=VALUE(_xlfn.IFS(ISERROR(FIND("(",C32,1)),C32,TRUE,MID(C32,FIND("(",C32,1)+1,LEN(C32)-FIND("(",C32,1)-1)))} -> 1 | N32: =_xlfn.LET(_xlpm.count, _xlfn.MAXIFS('DWG NO.ALL'!D:D,'DWG NO.ALL'!B:B,I32), IF(_xlpm.count=L32, "-", _xlpm.count)) -> -
A33: 32 | B33: ICW-22110-1"-S1P1-C40 | C33: 1 | D33: 45947 | E33: 45973 | H33: ICW-22110-1"-S1P1-C40 | I33: =_xlfn.LET(_xlpm.pos,IF(ISNUMBER(FIND("TRIM",B33)), 3, 2), _xlfn.TEXTBEFORE(B33, "-", _xlpm.pos)) -> ICW-22110 | J33: =_xlfn.XLOOKUP("*",D33:F33,D33:F33,"",-1) -> 45973 | K33: =_xlfn.TEXTAFTER(_xlfn.XLOOKUP(J33,33:33,$1:$1), ".") -> 0 | L33: {=VALUE(_xlfn.IFS(ISERROR(FIND("(",C33,1)),C33,TRUE,MID(C33,FIND("(",C33,1)+1,LEN(C33)-FIND("(",C33,1)-1)))} -> 1 | N33: =_xlfn.LET(_xlpm.count, _xlfn.MAXIFS('DWG NO.ALL'!D:D,'DWG NO.ALL'!B:B,I33), IF(_xlpm.count=L33, "-", _xlpm.count)) -> -
A34: 33 | B34: ICW-22201-3"-S1P1-C40 | C34: 2 | D34: 45947 | E34: 45973 | H34: ICW-22201-3"-S1P1-C40 | I34: =_xlfn.LET(_xlpm.pos,IF(ISNUMBER(FIND("TRIM",B34)), 3, 2), _xlfn.TEXTBEFORE(B34, "-", _xlpm.pos)) -> ICW-22201 | J34: =_xlfn.XLOOKUP("*",D34:F34,D34:F34,"",-1) -> 45973 | K34: =_xlfn.TEXTAFTER(_xlfn.XLOOKUP(J34,34:34,$1:$1), ".") -> 0 | L34: {=VALUE(_xlfn.IFS(ISERROR(FIND("(",C34,1)),C34,TRUE,MID(C34,FIND("(",C34,1)+1,LEN(C34)-FIND("(",C34,1)-1)))} -> 2 | N34: =_xlfn.LET(_xlpm.count, _xlfn.MAXIFS('DWG NO.ALL'!D:D,'DWG NO.ALL'!B:B,I34), IF(_xlpm.count=L34, "-", _xlpm.count)) -> -
A35: 34 | B35: ICW-22202-3"-S1P1-C40 | C35: 2 | D35: 45947 | E35: 45973 | H35: ICW-22202-3"-S1P1-C40 | I35: =_xlfn.LET(_xlpm.pos,IF(ISNUMBER(FIND("TRIM",B35)), 3, 2), _xlfn.TEXTBEFORE(B35, "-", _xlpm.pos)) -> ICW-22202 | J35: =_xlfn.XLOOKUP("*",D35:F35,D35:F35,"",-1) -> 45973 | K35: =_xlfn.TEXTAFTER(_xlfn.XLOOKUP(J35,35:35,$1:$1), ".") -> 0 | L35: {=VALUE(_xlfn.IFS(ISERROR(FIND("(",C35,1)),C35,TRUE,MID(C35,FIND("(",C35,1)+1,LEN(C35)-FIND("(",C35,1)-1)))} -> 2 | N35: =_xlfn.LET(_xlpm.count, _xlfn.MAXIFS('DWG NO.ALL'!D:D,'DWG NO.ALL'!B:B,I35), IF(_xlpm.count=L35, "-", _xlpm.count)) -> -
A36: 35 | B36: ICW-22207-1"-S1P1-C40 | C36: 1 | D36: 45947 | E36: 45973 | H36: ICW-22207-1"-S1P1-C40 | I36: =_xlfn.LET(_xlpm.pos,IF(ISNUMBER(FIND("TRIM",B36)), 3, 2), _xlfn.TEXTBEFORE(B36, "-", _xlpm.pos)) -> ICW-22207 | J36: =_xlfn.XLOOKUP("*",D36:F36,D36:F36,"",-1) -> 45973 | K36: =_xlfn.TEXTAFTER(_xlfn.XLOOKUP(J36,36:36,$1:$1), ".") -> 0 | L36: {=VALUE(_xlfn.IFS(ISERROR(FIND("(",C36,1)),C36,TRUE,MID(C36,FIND("(",C36,1)+1,LEN(C36)-FIND("(",C36,1)-1)))} -> 1 | N36: =_xlfn.LET(_xlpm.count, _xlfn.MAXIFS('DWG NO.ALL'!D:D,'DWG NO.ALL'!B:B,I36), IF(_xlpm.count=L36, "-", _xlpm.count)) -> -
A37: 36 | B37: ICW-22208-1"-S1P1-C40 | C37: 1 | D37: 45947 | E37: 45973 | H37: ICW-22208-1"-S1P1-C40 | I37: =_xlfn.LET(_xlpm.pos,IF(ISNUMBER(FIND("TRIM",B37)), 3, 2), _xlfn.TEXTBEFORE(B37, "-", _xlpm.pos)) -> ICW-22208 | J37: =_xlfn.XLOOKUP("*",D37:F37,D37:F37,"",-1) -> 45973 | K37: =_xlfn.TEXTAFTER(_xlfn.XLOOKUP(J37,37:37,$1:$1), ".") -> 0 | L37: {=VALUE(_xlfn.IFS(ISERROR(FIND("(",C37,1)),C37,TRUE,MID(C37,FIND("(",C37,1)+1,LEN(C37)-FIND("(",C37,1)-1)))} -> 1 | N37: =_xlfn.LET(_xlpm.count, _xlfn.MAXIFS('DWG NO.ALL'!D:D,'DWG NO.ALL'!B:B,I37), IF(_xlpm.count=L37, "-", _xlpm.count)) -> -
A38: 37 | B38: ICW-22352-4"-S1P1-C40 | C38: 2 | D38: 45947 | E38: 45973 | H38: ICW-22352-4"-S1P1-C40 | I38: =_xlfn.LET(_xlpm.pos,IF(ISNUMBER(FIND("TRIM",B38)), 3, 2), _xlfn.TEXTBEFORE(B38, "-", _xlpm.pos)) -> ICW-22352 | J38: =_xlfn.XLOOKUP("*",D38:F38,D38:F38,"",-1) -> 45973 | K38: =_xlfn.TEXTAFTER(_xlfn.XLOOKUP(J38,38:38,$1:$1), ".") -> 0 | L38: {=VALUE(_xlfn.IFS(ISERROR(FIND("(",C38,1)),C38,TRUE,MID(C38,FIND("(",C38,1)+1,LEN(C38)-FIND("(",C38,1)-1)))} -> 2 | N38: =_xlfn.LET(_xlpm.count, _xlfn.MAXIFS('DWG NO.ALL'!D:D,'DWG NO.ALL'!B:B,I38), IF(_xlpm.count=L38, "-", _xlpm.count)) -> -
A39: 38 | B39: ICW-22351-4"-S1P1-C40 | C39: 2 | D39: 45947 | E39: 45973 | H39: ICW-22351-4"-S1P1-C40 | I39: =_xlfn.LET(_xlpm.pos,IF(ISNUMBER(FIND("TRIM",B39)), 3, 2), _xlfn.TEXTBEFORE(B39, "-", _xlpm.pos)) -> ICW-22351 | J39: =_xlfn.XLOOKUP("*",D39:F39,D39:F39,"",-1) -> 45973 | K39: =_xlfn.TEXTAFTER(_xlfn.XLOOKUP(J39,39:39,$1:$1), ".") -> 0 | L39: {=VALUE(_xlfn.IFS(ISERROR(FIND("(",C39,1)),C39,TRUE,MID(C39,FIND("(",C39,1)+1,LEN(C39)-FIND("(",C39,1)-1)))} -> 2 | N39: =_xlfn.LET(_xlpm.count, _xlfn.MAXIFS('DWG NO.ALL'!D:D,'DWG NO.ALL'!B:B,I39), IF(_xlpm.count=L39, "-", _xlpm.count)) -> -
A40: 39 | B40: IW-22371-2"-C1A1 | C40: 3 | D40: 45947 | E40: 45973 | H40: IW-22371-2"-C1A1 | I40: =_xlfn.LET(_xlpm.pos,IF(ISNUMBER(FIND("TRIM",B40)), 3, 2), _xlfn.TEXTBEFORE(B40, "-", _xlpm.pos)) -> IW-22371 | J40: =_xlfn.XLOOKUP("*",D40:F40,D40:F40,"",-1) -> 45973 | K40: =_xlfn.TEXTAFTER(_xlfn.XLOOKUP(J40,40:40,$1:$1), ".") -> 0 | L40: {=VALUE(_xlfn.IFS(ISERROR(FIND("(",C40,1)),C40,TRUE,MID(C40,FIND("(",C40,1)+1,LEN(C40)-FIND("(",C40,1)-1)))} -> 3 | N40: =_xlfn.LET(_xlpm.count, _xlfn.MAXIFS('DWG NO.ALL'!D:D,'DWG NO.ALL'!B:B,I40), IF(_xlpm.count=L40, "-", _xlpm.count)) -> -
A41: 40 | B41: IW-22372-1"-C1A1 | C41: 1 | D41: 45947 | E41: 45973 | H41: IW-22372-1"-C1A1 | I41: =_xlfn.LET(_xlpm.pos,IF(ISNUMBER(FIND("TRIM",B41)), 3, 2), _xlfn.TEXTBEFORE(B41, "-", _xlpm.pos)) -> IW-22372 | J41: =_xlfn.XLOOKUP("*",D41:F41,D41:F41,"",-1) -> 45973 | K41: =_xlfn.TEXTAFTER(_xlfn.XLOOKUP(J41,41:41,$1:$1), ".") -> 0 | L41: {=VALUE(_xlfn.IFS(ISERROR(FIND("(",C41,1)),C41,TRUE,MID(C41,FIND("(",C41,1)+1,LEN(C41)-FIND("(",C41,1)-1)))} -> 1 | N41: =_xlfn.LET(_xlpm.count, _xlfn.MAXIFS('DWG NO.ALL'!D:D,'DWG NO.ALL'!B:B,I41), IF(_xlpm.count=L41, "-", _xlpm.count)) -> -
A42: 41 | B42: IW-22373-1"-C1A1 | C42: 1 | D42: 45947 | E42: 45973 | H42: IW-22373-1"-C1A1 | I42: =_xlfn.LET(_xlpm.pos,IF(ISNUMBER(FIND("TRIM",B42)), 3, 2), _xlfn.TEXTBEFORE(B42, "-", _xlpm.pos)) -> IW-22373 | J42: =_xlfn.XLOOKUP("*",D42:F42,D42:F42,"",-1) -> 45973 | K42: =_xlfn.TEXTAFTER(_xlfn.XLOOKUP(J42,42:42,$1:$1), ".") -> 0 | L42: {=VALUE(_xlfn.IFS(ISERROR(FIND("(",C42,1)),C42,TRUE,MID(C42,FIND("(",C42,1)+1,LEN(C42)-FIND("(",C42,1)-1)))} -> 1 | N42: =_xlfn.LET(_xlpm.count, _xlfn.MAXIFS('DWG NO.ALL'!D:D,'DWG NO.ALL'!B:B,I42), IF(_xlpm.count=L42, "-", _xlpm.count)) -> -
A43: 42 | B43: IW-22374-1"-C1A1 | C43: 1 | D43: 45947 | E43: 45973 | H43: IW-22374-1"-C1A1 | I43: =_xlfn.LET(_xlpm.pos,IF(ISNUMBER(FIND("TRIM",B43)), 3, 2), _xlfn.TEXTBEFORE(B43, "-", _xlpm.pos)) -> IW-22374 | J43: =_xlfn.XLOOKUP("*",D43:F43,D43:F43,"",-1) -> 45973 | K43: =_xlfn.TEXTAFTER(_xlfn.XLOOKUP(J43,43:43,$1:$1), ".") -> 0 | L43: {=VALUE(_xlfn.IFS(ISERROR(FIND("(",C43,1)),C43,TRUE,MID(C43,FIND("(",C43,1)+1,LEN(C43)-FIND("(",C43,1)-1)))} -> 1 | N43: =_xlfn.LET(_xlpm.count, _xlfn.MAXIFS('DWG NO.ALL'!D:D,'DWG NO.ALL'!B:B,I43), IF(_xlpm.count=L43, "-", _xlpm.count)) -> -
A44: 43 | B44: IW-22375-1"-C1A1 | C44: 1 | D44: 45947 | E44: 45973 | H44: IW-22375-1"-C1A1 | I44: =_xlfn.LET(_xlpm.pos,IF(ISNUMBER(FIND("TRIM",B44)), 3, 2), _xlfn.TEXTBEFORE(B44, "-", _xlpm.pos)) -> IW-22375 | J44: =_xlfn.XLOOKUP("*",D44:F44,D44:F44,"",-1) -> 45973 | K44: =_xlfn.TEXTAFTER(_xlfn.XLOOKUP(J44,44:44,$1:$1), ".") -> 0 | L44: {=VALUE(_xlfn.IFS(ISERROR(FIND("(",C44,1)),C44,TRUE,MID(C44,FIND("(",C44,1)+1,LEN(C44)-FIND("(",C44,1)-1)))} -> 1 | N44: =_xlfn.LET(_xlpm.count, _xlfn.MAXIFS('DWG NO.ALL'!D:D,'DWG NO.ALL'!B:B,I44), IF(_xlpm.count=L44, "-", _xlpm.count)) -> -
A45: 44 | B45: IW-22376-1"-C1A1 | C45: 1 | D45: 45947 | E45: 45973 | H45: IW-22376-1"-C1A1 | I45: =_xlfn.LET(_xlpm.pos,IF(ISNUMBER(FIND("TRIM",B45)), 3, 2), _xlfn.TEXTBEFORE(B45, "-", _xlpm.pos)) -> IW-22376 | J45: =_xlfn.XLOOKUP("*",D45:F45,D45:F45,"",-1) -> 45973 | K45: =_xlfn.TEXTAFTER(_xlfn.XLOOKUP(J45,45:45,$1:$1), ".") -> 0 | L45: {=VALUE(_xlfn.IFS(ISERROR(FIND("(",C45,1)),C45,TRUE,MID(C45,FIND("(",C45,1)+1,LEN(C45)-FIND("(",C45,1)-1)))} -> 1 | N45: =_xlfn.LET(_xlpm.count, _xlfn.MAXIFS('DWG NO.ALL'!D:D,'DWG NO.ALL'!B:B,I45), IF(_xlpm.count=L45, "-", _xlpm.count)) -> -
A46: 45 | B46: IW-22377-1"-C1A1 | C46: 1 | D46: 45947 | E46: 45973 | H46: IW-22377-1"-C1A1 | I46: =_xlfn.LET(_xlpm.pos,IF(ISNUMBER(FIND("TRIM",B46)), 3, 2), _xlfn.TEXTBEFORE(B46, "-", _xlpm.pos)) -> IW-22377 | J46: =_xlfn.XLOOKUP("*",D46:F46,D46:F46,"",-1) -> 45973 | K46: =_xlfn.TEXTAFTER(_xlfn.XLOOKUP(J46,46:46,$1:$1), ".") -> 0 | L46: {=VALUE(_xlfn.IFS(ISERROR(FIND("(",C46,1)),C46,TRUE,MID(C46,FIND("(",C46,1)+1,LEN(C46)-FIND("(",C46,1)-1)))} -> 1 | N46: =_xlfn.LET(_xlpm.count, _xlfn.MAXIFS('DWG NO.ALL'!D:D,'DWG NO.ALL'!B:B,I46), IF(_xlpm.count=L46, "-", _xlpm.count)) -> -
A47: 46 | B47: IW-22378-1"-C1A1 | C47: 1 | D47: 45947 | E47: 45973 | H47: IW-22378-1"-C1A1 | I47: =_xlfn.LET(_xlpm.pos,IF(ISNUMBER(FIND("TRIM",B47)), 3, 2), _xlfn.TEXTBEFORE(B47, "-", _xlpm.pos)) -> IW-22378 | J47: =_xlfn.XLOOKUP("*",D47:F47,D47:F47,"",-1) -> 45973 | K47: =_xlfn.TEXTAFTER(_xlfn.XLOOKUP(J47,47:47,$1:$1), ".") -> 0 | L47: {=VALUE(_xlfn.IFS(ISERROR(FIND("(",C47,1)),C47,TRUE,MID(C47,FIND("(",C47,1)+1,LEN(C47)-FIND("(",C47,1)-1)))} -> 1 | N47: =_xlfn.LET(_xlpm.count, _xlfn.MAXIFS('DWG NO.ALL'!D:D,'DWG NO.ALL'!B:B,I47), IF(_xlpm.count=L47, "-", _xlpm.count)) -> -
A48: 47 | B48: LC-22101-2"-C3S1-HC2 | C48: 1 | D48: 45947 | E48: 45973 | H48: LC-22101-2"-C3S1-HC2 | I48: =_xlfn.LET(_xlpm.pos,IF(ISNUMBER(FIND("TRIM",B48)), 3, 2), _xlfn.TEXTBEFORE(B48, "-", _xlpm.pos)) -> LC-22101 | J48: =_xlfn.XLOOKUP("*",D48:F48,D48:F48,"",-1) -> 45973 | K48: =_xlfn.TEXTAFTER(_xlfn.XLOOKUP(J48,48:48,$1:$1), ".") -> 0 | L48: {=VALUE(_xlfn.IFS(ISERROR(FIND("(",C48,1)),C48,TRUE,MID(C48,FIND("(",C48,1)+1,LEN(C48)-FIND("(",C48,1)-1)))} -> 1 | N48: =_xlfn.LET(_xlpm.count, _xlfn.MAXIFS('DWG NO.ALL'!D:D,'DWG NO.ALL'!B:B,I48), IF(_xlpm.count=L48, "-", _xlpm.count)) -> -
A49: 48 | B49: LC-22102-2"-C1S1-HC2 | C49: 2 | D49: 45947 | E49: 45973 | H49: LC-22102-2"-C1S1-HC2 | I49: =_xlfn.LET(_xlpm.pos,IF(ISNUMBER(FIND("TRIM",B49)), 3, 2), _xlfn.TEXTBEFORE(B49, "-", _xlpm.pos)) -> LC-22102 | J49: =_xlfn.XLOOKUP("*",D49:F49,D49:F49,"",-1) -> 45973 | K49: =_xlfn.TEXTAFTER(_xlfn.XLOOKUP(J49,49:49,$1:$1), ".") -> 0 | L49: {=VALUE(_xlfn.IFS(ISERROR(FIND("(",C49,1)),C49,TRUE,MID(C49,FIND("(",C49,1)+1,LEN(C49)-FIND("(",C49,1)-1)))} -> 2 | N49: =_xlfn.LET(_xlpm.count, _xlfn.MAXIFS('DWG NO.ALL'!D:D,'DWG NO.ALL'!B:B,I49), IF(_xlpm.count=L49, "-", _xlpm.count)) -> -
A50: 49 | B50: LC-22201-3"-C3S1-HC2 | C50: 1 | D50: 45947 | E50: 45973 | H50: LC-22201-3"-C3S1-HC2 | I50: =_xlfn.LET(_xlpm.pos,IF(ISNUMBER(FIND("TRIM",B50)), 3, 2), _xlfn.TEXTBEFORE(B50, "-", _xlpm.pos)) -> LC-22201 | J50: =_xlfn.XLOOKUP("*",D50:F50,D50:F50,"",-1) -> 45973 | K50: =_xlfn.TEXTAFTER(_xlfn.XLOOKUP(J50,50:50,$1:$1), ".") -> 0 | L50: {=VALUE(_xlfn.IFS(ISERROR(FIND("(",C50,1)),C50,TRUE,MID(C50,FIND("(",C50,1)+1,LEN(C50)-FIND("(",C50,1)-1)))} -> 1 | N50: =_xlfn.LET(_xlpm.count, _xlfn.MAXIFS('DWG NO.ALL'!D:D,'DWG NO.ALL'!B:B,I50), IF(_xlpm.count=L50, "-", _xlpm.count)) -> -
A51: 50 | B51: LC-22202-3"-C1S1-HC2 | C51: 2 | D51: 45947 | E51: 45973 | F51: 45989 | H51: LC-22202-3"-C1S1-HC2 | I51: =_xlfn.LET(_xlpm.pos,IF(ISNUMBER(FIND("TRIM",B51)), 3, 2), _xlfn.TEXTBEFORE(B51, "-", _xlpm.pos)) -> LC-22202 | J51: =_xlfn.XLOOKUP("*",D51:F51,D51:F51,"",-1) -> 45989 | K51: =_xlfn.TEXTAFTER(_xlfn.XLOOKUP(J51,51:51,$1:$1), ".") -> 1 | L51: {=VALUE(_xlfn.IFS(ISERROR(FIND("(",C51,1)),C51,TRUE,MID(C51,FIND("(",C51,1)+1,LEN(C51)-FIND("(",C51,1)-1)))} -> 2 | N51: =_xlfn.LET(_xlpm.count, _xlfn.MAXIFS('DWG NO.ALL'!D:D,'DWG NO.ALL'!B:B,I51), IF(_xlpm.count=L51, "-", _xlpm.count)) -> -
A52: 51 | B52: LC-22341-4"-C1S1-HC2 | C52: 2 | D52: 45947 | E52: 45973 | F52: 45989 | H52: LC-22341-4"-C1S1-HC2 | I52: =_xlfn.LET(_xlpm.pos,IF(ISNUMBER(FIND("TRIM",B52)), 3, 2), _xlfn.TEXTBEFORE(B52, "-", _xlpm.pos)) -> LC-22341 | J52: =_xlfn.XLOOKUP("*",D52:F52,D52:F52,"",-1) -> 45989 | K52: =_xlfn.TEXTAFTER(_xlfn.XLOOKUP(J52,52:52,$1:$1), ".") -> 1 | L52: {=VALUE(_xlfn.IFS(ISERROR(FIND("(",C52,1)),C52,TRUE,MID(C52,FIND("(",C52,1)+1,LEN(C52)-FIND("(",C52,1)-1)))} -> 2 | N52: =_xlfn.LET(_xlpm.count, _xlfn.MAXIFS('DWG NO.ALL'!D:D,'DWG NO.ALL'!B:B,I52), IF(_xlpm.count=L52, "-", _xlpm.count)) -> -
A53: 52 | B53: MC-22341-1"-C3S1-HC2 | C53: 1 | D53: 45947 | E53: 45973 | H53: MC-22341-1"-C3S1-HC2 | I53: =_xlfn.LET(_xlpm.pos,IF(ISNUMBER(FIND("TRIM",B53)), 3, 2), _xlfn.TEXTBEFORE(B53, "-", _xlpm.pos)) -> MC-22341 | J53: =_xlfn.XLOOKUP("*",D53:F53,D53:F53,"",-1) -> 45973 | K53: =_xlfn.TEXTAFTER(_xlfn.XLOOKUP(J53,53:53,$1:$1), ".") -> 0 | L53: {=VALUE(_xlfn.IFS(ISERROR(FIND("(",C53,1)),C53,TRUE,MID(C53,FIND("(",C53,1)+1,LEN(C53)-FIND("(",C53,1)-1)))} -> 1 | N53: =_xlfn.LET(_xlpm.count, _xlfn.MAXIFS('DWG NO.ALL'!D:D,'DWG NO.ALL'!B:B,I53), IF(_xlpm.count=L53, "-", _xlpm.count)) -> -
A54: 53 | B54: MC-22342-3/4"-C3S1-HC2 | C54: 2 | D54: 45947 | E54: 45973 | H54: MC-22342-3/4"-C3S1-HC2 | I54: =_xlfn.LET(_xlpm.pos,IF(ISNUMBER(FIND("TRIM",B54)), 3, 2), _xlfn.TEXTBEFORE(B54, "-", _xlpm.pos)) -> MC-22342 | J54: =_xlfn.XLOOKUP("*",D54:F54,D54:F54,"",-1) -> 45973 | K54: =_xlfn.TEXTAFTER(_xlfn.XLOOKUP(J54,54:54,$1:$1), ".") -> 0 | L54: {=VALUE(_xlfn.IFS(ISERROR(FIND("(",C54,1)),C54,TRUE,MID(C54,FIND("(",C54,1)+1,LEN(C54)-FIND("(",C54,1)-1)))} -> 2 | N54: =_xlfn.LET(_xlpm.count, _xlfn.MAXIFS('DWG NO.ALL'!D:D,'DWG NO.ALL'!B:B,I54), IF(_xlpm.count=L54, "-", _xlpm.count)) -> -
A55: 54 | B55: MS-22101-3"-C3S1-HC2 | C55: 6 | D55: 45947 | E55: 45973 | H55: MS-22101-3"-C3S1-HC2 | I55: =_xlfn.LET(_xlpm.pos,IF(ISNUMBER(FIND("TRIM",B55)), 3, 2), _xlfn.TEXTBEFORE(B55, "-", _xlpm.pos)) -> MS-22101 | J55: =_xlfn.XLOOKUP("*",D55:F55,D55:F55,"",-1) -> 45973 | K55: =_xlfn.TEXTAFTER(_xlfn.XLOOKUP(J55,55:55,$1:$1), ".") -> 0 | L55: {=VALUE(_xlfn.IFS(ISERROR(FIND("(",C55,1)),C55,TRUE,MID(C55,FIND("(",C55,1)+1,LEN(C55)-FIND("(",C55,1)-1)))} -> 6 | N55: =_xlfn.LET(_xlpm.count, _xlfn.MAXIFS('DWG NO.ALL'!D:D,'DWG NO.ALL'!B:B,I55), IF(_xlpm.count=L55, "-", _xlpm.count)) -> -
A56: 55 | B56: MS-22201-4"-C3S1-HC2 | C56: 4 | D56: 45947 | E56: 45973 | H56: MS-22201-4"-C3S1-HC2 | I56: =_xlfn.LET(_xlpm.pos,IF(ISNUMBER(FIND("TRIM",B56)), 3, 2), _xlfn.TEXTBEFORE(B56, "-", _xlpm.pos)) -> MS-22201 | J56: =_xlfn.XLOOKUP("*",D56:F56,D56:F56,"",-1) -> 45973 | K56: =_xlfn.TEXTAFTER(_xlfn.XLOOKUP(J56,56:56,$1:$1), ".") -> 0 | L56: {=VALUE(_xlfn.IFS(ISERROR(FIND("(",C56,1)),C56,TRUE,MID(C56,FIND("(",C56,1)+1,LEN(C56)-FIND("(",C56,1)-1)))} -> 4 | N56: =_xlfn.LET(_xlpm.count, _xlfn.MAXIFS('DWG NO.ALL'!D:D,'DWG NO.ALL'!B:B,I56), IF(_xlpm.count=L56, "-", _xlpm.count)) -> -
A57: 56 | B57: MS-22341-6"-C3S1-HC2 | C57: 4 | D57: 45947 | E57: 45973 | H57: MS-22341-6"-C3S1-HC2 | I57: =_xlfn.LET(_xlpm.pos,IF(ISNUMBER(FIND("TRIM",B57)), 3, 2), _xlfn.TEXTBEFORE(B57, "-", _xlpm.pos)) -> MS-22341 | J57: =_xlfn.XLOOKUP("*",D57:F57,D57:F57,"",-1) -> 45973 | K57: =_xlfn.TEXTAFTER(_xlfn.XLOOKUP(J57,57:57,$1:$1), ".") -> 0 | L57: {=VALUE(_xlfn.IFS(ISERROR(FIND("(",C57,1)),C57,TRUE,MID(C57,FIND("(",C57,1)+1,LEN(C57)-FIND("(",C57,1)-1)))} -> 4 | N57: =_xlfn.LET(_xlpm.count, _xlfn.MAXIFS('DWG NO.ALL'!D:D,'DWG NO.ALL'!B:B,I57), IF(_xlpm.count=L57, "-", _xlpm.count)) -> -
A58: 57 | B58: NI-22101-1"-S1PL | C58: 2 | D58: 45947 | E58: 45973 | H58: NI-22101-1"-S1PL | I58: =_xlfn.LET(_xlpm.pos,IF(ISNUMBER(FIND("TRIM",B58)), 3, 2), _xlfn.TEXTBEFORE(B58, "-", _xlpm.pos)) -> NI-22101 | J58: =_xlfn.XLOOKUP("*",D58:F58,D58:F58,"",-1) -> 45973 | K58: =_xlfn.TEXTAFTER(_xlfn.XLOOKUP(J58,58:58,$1:$1), ".") -> 0 | L58: {=VALUE(_xlfn.IFS(ISERROR(FIND("(",C58,1)),C58,TRUE,MID(C58,FIND("(",C58,1)+1,LEN(C58)-FIND("(",C58,1)-1)))} -> 2 | N58: =_xlfn.LET(_xlpm.count, _xlfn.MAXIFS('DWG NO.ALL'!D:D,'DWG NO.ALL'!B:B,I58), IF(_xlpm.count=L58, "-", _xlpm.count)) -> -
A59: 58 | B59: NI-22311-3/4"-S1P4 | C59: 2 | D59: 45947 | E59: 45973 | H59: NI-22311-3/4"-S1P4 | I59: =_xlfn.LET(_xlpm.pos,IF(ISNUMBER(FIND("TRIM",B59)), 3, 2), _xlfn.TEXTBEFORE(B59, "-", _xlpm.pos)) -> NI-22311 | J59: =_xlfn.XLOOKUP("*",D59:F59,D59:F59,"",-1) -> 45973 | K59: =_xlfn.TEXTAFTER(_xlfn.XLOOKUP(J59,59:59,$1:$1), ".") -> 0 | L59: {=VALUE(_xlfn.IFS(ISERROR(FIND("(",C59,1)),C59,TRUE,MID(C59,FIND("(",C59,1)+1,LEN(C59)-FIND("(",C59,1)-1)))} -> 2 | N59: =_xlfn.LET(_xlpm.count, _xlfn.MAXIFS('DWG NO.ALL'!D:D,'DWG NO.ALL'!B:B,I59), IF(_xlpm.count=L59, "-", _xlpm.count)) -> -
A60: 59 | B60: NI-22361-2"-S1P4 | C60: 2 | D60: 45947 | E60: 45973 | H60: NI-22361-2"-S1P4 | I60: =_xlfn.LET(_xlpm.pos,IF(ISNUMBER(FIND("TRIM",B60)), 3, 2), _xlfn.TEXTBEFORE(B60, "-", _xlpm.pos)) -> NI-22361 | J60: =_xlfn.XLOOKUP("*",D60:F60,D60:F60,"",-1) -> 45973 | K60: =_xlfn.TEXTAFTER(_xlfn.XLOOKUP(J60,60:60,$1:$1), ".") -> 0 | L60: {=VALUE(_xlfn.IFS(ISERROR(FIND("(",C60,1)),C60,TRUE,MID(C60,FIND("(",C60,1)+1,LEN(C60)-FIND("(",C60,1)-1)))} -> 2 | N60: =_xlfn.LET(_xlpm.count, _xlfn.MAXIFS('DWG NO.ALL'!D:D,'DWG NO.ALL'!B:B,I60), IF(_xlpm.count=L60, "-", _xlpm.count)) -> -
A61: 60 | B61: NI-22362-1.1/2"-S1P4 | C61: 3 | D61: 45947 | E61: 45973 | H61: NI-22362-1.1/2"-S1P4 | I61: =_xlfn.LET(_xlpm.pos,IF(ISNUMBER(FIND("TRIM",B61)), 3, 2), _xlfn.TEXTBEFORE(B61, "-", _xlpm.pos)) -> NI-22362 | J61: =_xlfn.XLOOKUP("*",D61:F61,D61:F61,"",-1) -> 45973 | K61: =_xlfn.TEXTAFTER(_xlfn.XLOOKUP(J61,61:61,$1:$1), ".") -> 0 | L61: {=VALUE(_xlfn.IFS(ISERROR(FIND("(",C61,1)),C61,TRUE,MID(C61,FIND("(",C61,1)+1,LEN(C61)-FIND("(",C61,1)-1)))} -> 3 | N61: =_xlfn.LET(_xlpm.count, _xlfn.MAXIFS('DWG NO.ALL'!D:D,'DWG NO.ALL'!B:B,I61), IF(_xlpm.count=L61, "-", _xlpm.count)) -> -
A62: 61 | B62: NI-22364-1"-S1P4 | C62: 1 | D62: 45947 | E62: 45973 | H62: NI-22364-1"-S1P4 | I62: =_xlfn.LET(_xlpm.pos,IF(ISNUMBER(FIND("TRIM",B62)), 3, 2), _xlfn.TEXTBEFORE(B62, "-", _xlpm.pos)) -> NI-22364 | J62: =_xlfn.XLOOKUP("*",D62:F62,D62:F62,"",-1) -> 45973 | K62: =_xlfn.TEXTAFTER(_xlfn.XLOOKUP(J62,62:62,$1:$1), ".") -> 0 | L62: {=VALUE(_xlfn.IFS(ISERROR(FIND("(",C62,1)),C62,TRUE,MID(C62,FIND("(",C62,1)+1,LEN(C62)-FIND("(",C62,1)-1)))} -> 1 | N62: =_xlfn.LET(_xlpm.count, _xlfn.MAXIFS('DWG NO.ALL'!D:D,'DWG NO.ALL'!B:B,I62), IF(_xlpm.count=L62, "-", _xlpm.count)) -> -
A63: 62 | B63: NI-22365-1"-S1P4 | C63: 1 | D63: 45947 | E63: 45973 | H63: NI-22365-1"-S1P4 | I63: =_xlfn.LET(_xlpm.pos,IF(ISNUMBER(FIND("TRIM",B63)), 3, 2), _xlfn.TEXTBEFORE(B63, "-", _xlpm.pos)) -> NI-22365 | J63: =_xlfn.XLOOKUP("*",D63:F63,D63:F63,"",-1) -> 45973 | K63: =_xlfn.TEXTAFTER(_xlfn.XLOOKUP(J63,63:63,$1:$1), ".") -> 0 | L63: {=VALUE(_xlfn.IFS(ISERROR(FIND("(",C63,1)),C63,TRUE,MID(C63,FIND("(",C63,1)+1,LEN(C63)-FIND("(",C63,1)-1)))} -> 1 | N63: =_xlfn.LET(_xlpm.count, _xlfn.MAXIFS('DWG NO.ALL'!D:D,'DWG NO.ALL'!B:B,I63), IF(_xlpm.count=L63, "-", _xlpm.count)) -> -
A64: 63 | B64: NI-22366-1"-S1P4 | C64: 1 | D64: 45947 | E64: 45973 | H64: NI-22366-1"-S1P4 | I64: =_xlfn.LET(_xlpm.pos,IF(ISNUMBER(FIND("TRIM",B64)), 3, 2), _xlfn.TEXTBEFORE(B64, "-", _xlpm.pos)) -> NI-22366 | J64: =_xlfn.XLOOKUP("*",D64:F64,D64:F64,"",-1) -> 45973 | K64: =_xlfn.TEXTAFTER(_xlfn.XLOOKUP(J64,64:64,$1:$1), ".") -> 0 | L64: {=VALUE(_xlfn.IFS(ISERROR(FIND("(",C64,1)),C64,TRUE,MID(C64,FIND("(",C64,1)+1,LEN(C64)-FIND("(",C64,1)-1)))} -> 1 | N64: =_xlfn.LET(_xlpm.count, _xlfn.MAXIFS('DWG NO.ALL'!D:D,'DWG NO.ALL'!B:B,I64), IF(_xlpm.count=L64, "-", _xlpm.count)) -> -
A65: 64 | B65: NI-22367-1"-S1P4 | C65: 1 | D65: 45947 | E65: 45973 | H65: NI-22367-1"-S1P4 | I65: =_xlfn.LET(_xlpm.pos,IF(ISNUMBER(FIND("TRIM",B65)), 3, 2), _xlfn.TEXTBEFORE(B65, "-", _xlpm.pos)) -> NI-22367 | J65: =_xlfn.XLOOKUP("*",D65:F65,D65:F65,"",-1) -> 45973 | K65: =_xlfn.TEXTAFTER(_xlfn.XLOOKUP(J65,65:65,$1:$1), ".") -> 0 | L65: {=VALUE(_xlfn.IFS(ISERROR(FIND("(",C65,1)),C65,TRUE,MID(C65,FIND("(",C65,1)+1,LEN(C65)-FIND("(",C65,1)-1)))} -> 1 | N65: =_xlfn.LET(_xlpm.count, _xlfn.MAXIFS('DWG NO.ALL'!D:D,'DWG NO.ALL'!B:B,I65), IF(_xlpm.count=L65, "-", _xlpm.count)) -> -
A66: 65 | B66: NI-22368-1"-S1P4 | C66: 1 | D66: 45947 | E66: 45973 | H66: NI-22368-1"-S1P4 | I66: =_xlfn.LET(_xlpm.pos,IF(ISNUMBER(FIND("TRIM",B66)), 3, 2), _xlfn.TEXTBEFORE(B66, "-", _xlpm.pos)) -> NI-22368 | J66: =_xlfn.XLOOKUP("*",D66:F66,D66:F66,"",-1) -> 45973 | K66: =_xlfn.TEXTAFTER(_xlfn.XLOOKUP(J66,66:66,$1:$1), ".") -> 0 | L66: {=VALUE(_xlfn.IFS(ISERROR(FIND("(",C66,1)),C66,TRUE,MID(C66,FIND("(",C66,1)+1,LEN(C66)-FIND("(",C66,1)-1)))} -> 1 | N66: =_xlfn.LET(_xlpm.count, _xlfn.MAXIFS('DWG NO.ALL'!D:D,'DWG NO.ALL'!B:B,I66), IF(_xlpm.count=L66, "-", _xlpm.count)) -> -
A67: 66 | B67: NI-22369-1"-S1P4 | C67: 1 | D67: 45947 | E67: 45973 | H67: NI-22369-1"-S1P4 | I67: =_xlfn.LET(_xlpm.pos,IF(ISNUMBER(FIND("TRIM",B67)), 3, 2), _xlfn.TEXTBEFORE(B67, "-", _xlpm.pos)) -> NI-22369 | J67: =_xlfn.XLOOKUP("*",D67:F67,D67:F67,"",-1) -> 45973 | K67: =_xlfn.TEXTAFTER(_xlfn.XLOOKUP(J67,67:67,$1:$1), ".") -> 0 | L67: {=VALUE(_xlfn.IFS(ISERROR(FIND("(",C67,1)),C67,TRUE,MID(C67,FIND("(",C67,1)+1,LEN(C67)-FIND("(",C67,1)-1)))} -> 1 | N67: =_xlfn.LET(_xlpm.count, _xlfn.MAXIFS('DWG NO.ALL'!D:D,'DWG NO.ALL'!B:B,I67), IF(_xlpm.count=L67, "-", _xlpm.count)) -> -
A68: 67 | B68: NI-22370-1"-S1P4 | C68: 1 | D68: 45947 | E68: 45973 | H68: NI-22370-1"-S1P4 | I68: =_xlfn.LET(_xlpm.pos,IF(ISNUMBER(FIND("TRIM",B68)), 3, 2), _xlfn.TEXTBEFORE(B68, "-", _xlpm.pos)) -> NI-22370 | J68: =_xlfn.XLOOKUP("*",D68:F68,D68:F68,"",-1) -> 45973 | K68: =_xlfn.TEXTAFTER(_xlfn.XLOOKUP(J68,68:68,$1:$1), ".") -> 0 | L68: {=VALUE(_xlfn.IFS(ISERROR(FIND("(",C68,1)),C68,TRUE,MID(C68,FIND("(",C68,1)+1,LEN(C68)-FIND("(",C68,1)-1)))} -> 1 | N68: =_xlfn.LET(_xlpm.count, _xlfn.MAXIFS('DWG NO.ALL'!D:D,'DWG NO.ALL'!B:B,I68), IF(_xlpm.count=L68, "-", _xlpm.count)) -> -
A69: 68 | B69: P-22101-1"-S1PL | C69: 7 | D69: 45947 | E69: 45973 | H69: P-22101-1"-S1PL | I69: =_xlfn.LET(_xlpm.pos,IF(ISNUMBER(FIND("TRIM",B69)), 3, 2), _xlfn.TEXTBEFORE(B69, "-", _xlpm.pos)) -> P-22101 | J69: =_xlfn.XLOOKUP("*",D69:F69,D69:F69,"",-1) -> 45973 | K69: =_xlfn.TEXTAFTER(_xlfn.XLOOKUP(J69,69:69,$1:$1), ".") -> 0 | L69: {=VALUE(_xlfn.IFS(ISERROR(FIND("(",C69,1)),C69,TRUE,MID(C69,FIND("(",C69,1)+1,LEN(C69)-FIND("(",C69,1)-1)))} -> 7 | N69: =_xlfn.LET(_xlpm.count, _xlfn.MAXIFS('DWG NO.ALL'!D:D,'DWG NO.ALL'!B:B,I69), IF(_xlpm.count=L69, "-", _xlpm.count)) -> -
A70: 69 | B70: P-22102-3"-S1PL-HC1 | C70: 1 | D70: 45947 | E70: 45973 | H70: P-22102-3"-S1PL-HC1 | I70: =_xlfn.LET(_xlpm.pos,IF(ISNUMBER(FIND("TRIM",B70)), 3, 2), _xlfn.TEXTBEFORE(B70, "-", _xlpm.pos)) -> P-22102 | J70: =_xlfn.XLOOKUP("*",D70:F70,D70:F70,"",-1) -> 45973 | K70: =_xlfn.TEXTAFTER(_xlfn.XLOOKUP(J70,70:70,$1:$1), ".") -> 0 | L70: {=VALUE(_xlfn.IFS(ISERROR(FIND("(",C70,1)),C70,TRUE,MID(C70,FIND("(",C70,1)+1,LEN(C70)-FIND("(",C70,1)-1)))} -> 1 | N70: =_xlfn.LET(_xlpm.count, _xlfn.MAXIFS('DWG NO.ALL'!D:D,'DWG NO.ALL'!B:B,I70), IF(_xlpm.count=L70, "-", _xlpm.count)) -> -
A71: 70 | B71: P-22103-8"-S1PL-HC1 | C71: 1 | D71: 45947 | E71: 45973 | H71: P-22103-8"-S1PL-HC1 | I71: =_xlfn.LET(_xlpm.pos,IF(ISNUMBER(FIND("TRIM",B71)), 3, 2), _xlfn.TEXTBEFORE(B71, "-", _xlpm.pos)) -> P-22103 | J71: =_xlfn.XLOOKUP("*",D71:F71,D71:F71,"",-1) -> 45973 | K71: =_xlfn.TEXTAFTER(_xlfn.XLOOKUP(J71,71:71,$1:$1), ".") -> 0 | L71: {=VALUE(_xlfn.IFS(ISERROR(FIND("(",C71,1)),C71,TRUE,MID(C71,FIND("(",C71,1)+1,LEN(C71)-FIND("(",C71,1)-1)))} -> 1 | N71: =_xlfn.LET(_xlpm.count, _xlfn.MAXIFS('DWG NO.ALL'!D:D,'DWG NO.ALL'!B:B,I71), IF(_xlpm.count=L71, "-", _xlpm.count)) -> -
A72: 71 | B72: P-22104-2"-S1PL-HC1 | C72: 2 | D72: 45947 | E72: 45973 | H72: P-22104-2"-S1PL-HC1 | I72: =_xlfn.LET(_xlpm.pos,IF(ISNUMBER(FIND("TRIM",B72)), 3, 2), _xlfn.TEXTBEFORE(B72, "-", _xlpm.pos)) -> P-22104 | J72: =_xlfn.XLOOKUP("*",D72:F72,D72:F72,"",-1) -> 45973 | K72: =_xlfn.TEXTAFTER(_xlfn.XLOOKUP(J72,72:72,$1:$1), ".") -> 0 | L72: {=VALUE(_xlfn.IFS(ISERROR(FIND("(",C72,1)),C72,TRUE,MID(C72,FIND("(",C72,1)+1,LEN(C72)-FIND("(",C72,1)-1)))} -> 2 | N72: =_xlfn.LET(_xlpm.count, _xlfn.MAXIFS('DWG NO.ALL'!D:D,'DWG NO.ALL'!B:B,I72), IF(_xlpm.count=L72, "-", _xlpm.count)) -> -
A73: 72 | B73: P-22105-2"-S1PL-HC1 | C73: 1 | D73: 45947 | E73: 45973 | H73: P-22105-2"-S1PL-HC1 | I73: =_xlfn.LET(_xlpm.pos,IF(ISNUMBER(FIND("TRIM",B73)), 3, 2), _xlfn.TEXTBEFORE(B73, "-", _xlpm.pos)) -> P-22105 | J73: =_xlfn.XLOOKUP("*",D73:F73,D73:F73,"",-1) -> 45973 | K73: =_xlfn.TEXTAFTER(_xlfn.XLOOKUP(J73,73:73,$1:$1), ".") -> 0 | L73: {=VALUE(_xlfn.IFS(ISERROR(FIND("(",C73,1)),C73,TRUE,MID(C73,FIND("(",C73,1)+1,LEN(C73)-FIND("(",C73,1)-1)))} -> 1 | N73: =_xlfn.LET(_xlpm.count, _xlfn.MAXIFS('DWG NO.ALL'!D:D,'DWG NO.ALL'!B:B,I73), IF(_xlpm.count=L73, "-", _xlpm.count)) -> -
A74: 73 | B74: P-22106-2"-S1PL-HC1 | C74: 1 | D74: 45947 | E74: 45973 | H74: P-22106-2"-S1PL-HC1 | I74: =_xlfn.LET(_xlpm.pos,IF(ISNUMBER(FIND("TRIM",B74)), 3, 2), _xlfn.TEXTBEFORE(B74, "-", _xlpm.pos)) -> P-22106 | J74: =_xlfn.XLOOKUP("*",D74:F74,D74:F74,"",-1) -> 45973 | K74: =_xlfn.TEXTAFTER(_xlfn.XLOOKUP(J74,74:74,$1:$1), ".") -> 0 | L74: {=VALUE(_xlfn.IFS(ISERROR(FIND("(",C74,1)),C74,TRUE,MID(C74,FIND("(",C74,1)+1,LEN(C74)-FIND("(",C74,1)-1)))} -> 1 | N74: =_xlfn.LET(_xlpm.count, _xlfn.MAXIFS('DWG NO.ALL'!D:D,'DWG NO.ALL'!B:B,I74), IF(_xlpm.count=L74, "-", _xlpm.count)) -> -
A75: 74 | B75: P-22107-1.1/2"-S1PL-HC1 | C75: 5 | D75: 45947 | E75: 45973 | H75: P-22107-1.1/2"-S1PL-HC1 | I75: =_xlfn.LET(_xlpm.pos,IF(ISNUMBER(FIND("TRIM",B75)), 3, 2), _xlfn.TEXTBEFORE(B75, "-", _xlpm.pos)) -> P-22107 | J75: =_xlfn.XLOOKUP("*",D75:F75,D75:F75,"",-1) -> 45973 | K75: =_xlfn.TEXTAFTER(_xlfn.XLOOKUP(J75,75:75,$1:$1), ".") -> 0 | L75: {=VALUE(_xlfn.IFS(ISERROR(FIND("(",C75,1)),C75,TRUE,MID(C75,FIND("(",C75,1)+1,LEN(C75)-FIND("(",C75,1)-1)))} -> 5 | N75: =_xlfn.LET(_xlpm.count, _xlfn.MAXIFS('DWG NO.ALL'!D:D,'DWG NO.ALL'!B:B,I75), IF(_xlpm.count=L75, "-", _xlpm.count)) -> -
A76: 75 | B76: P-22108-1.1/2"-S1PL-HC1 | C76: 2 | D76: 45947 | E76: 45973 | H76: P-22108-1.1/2"-S1PL-HC1 | I76: =_xlfn.LET(_xlpm.pos,IF(ISNUMBER(FIND("TRIM",B76)), 3, 2), _xlfn.TEXTBEFORE(B76, "-", _xlpm.pos)) -> P-22108 | J76: =_xlfn.XLOOKUP("*",D76:F76,D76:F76,"",-1) -> 45973 | K76: =_xlfn.TEXTAFTER(_xlfn.XLOOKUP(J76,76:76,$1:$1), ".") -> 0 | L76: {=VALUE(_xlfn.IFS(ISERROR(FIND("(",C76,1)),C76,TRUE,MID(C76,FIND("(",C76,1)+1,LEN(C76)-FIND("(",C76,1)-1)))} -> 2 | N76: =_xlfn.LET(_xlpm.count, _xlfn.MAXIFS('DWG NO.ALL'!D:D,'DWG NO.ALL'!B:B,I76), IF(_xlpm.count=L76, "-", _xlpm.count)) -> -
A77: 76 | B77: P-22109-3/4"-S1PL-HC1 | C77: 1 | D77: 45947 | E77: 45973 | H77: P-22109-3/4"-S1PL-HC1 | I77: =_xlfn.LET(_xlpm.pos,IF(ISNUMBER(FIND("TRIM",B77)), 3, 2), _xlfn.TEXTBEFORE(B77, "-", _xlpm.pos)) -> P-22109 | J77: =_xlfn.XLOOKUP("*",D77:F77,D77:F77,"",-1) -> 45973 | K77: =_xlfn.TEXTAFTER(_xlfn.XLOOKUP(J77,77:77,$1:$1), ".") -> 0 | L77: {=VALUE(_xlfn.IFS(ISERROR(FIND("(",C77,1)),C77,TRUE,MID(C77,FIND("(",C77,1)+1,LEN(C77)-FIND("(",C77,1)-1)))} -> 1 | N77: =_xlfn.LET(_xlpm.count, _xlfn.MAXIFS('DWG NO.ALL'!D:D,'DWG NO.ALL'!B:B,I77), IF(_xlpm.count=L77, "-", _xlpm.count)) -> -
A78: 77 | B78: P-22110-3/4"-S1PL-HC1 | C78: 1 | D78: 45947 | E78: 45973 | H78: P-22110-3/4"-S1PL-HC1 | I78: =_xlfn.LET(_xlpm.pos,IF(ISNUMBER(FIND("TRIM",B78)), 3, 2), _xlfn.TEXTBEFORE(B78, "-", _xlpm.pos)) -> P-22110 | J78: =_xlfn.XLOOKUP("*",D78:F78,D78:F78,"",-1) -> 45973 | K78: =_xlfn.TEXTAFTER(_xlfn.XLOOKUP(J78,78:78,$1:$1), ".") -> 0 | L78: {=VALUE(_xlfn.IFS(ISERROR(FIND("(",C78,1)),C78,TRUE,MID(C78,FIND("(",C78,1)+1,LEN(C78)-FIND("(",C78,1)-1)))} -> 1 | N78: =_xlfn.LET(_xlpm.count, _xlfn.MAXIFS('DWG NO.ALL'!D:D,'DWG NO.ALL'!B:B,I78), IF(_xlpm.count=L78, "-", _xlpm.count)) -> -
A79: 78 | B79: P-22111-1.1/2"-S1PL-PP1 | C79: 2 | D79: 45947 | E79: 45973 | H79: P-22111-1.1/2"-S1PL-PP1 | I79: =_xlfn.LET(_xlpm.pos,IF(ISNUMBER(FIND("TRIM",B79)), 3, 2), _xlfn.TEXTBEFORE(B79, "-", _xlpm.pos)) -> P-22111 | J79: =_xlfn.XLOOKUP("*",D79:F79,D79:F79,"",-1) -> 45973 | K79: =_xlfn.TEXTAFTER(_xlfn.XLOOKUP(J79,79:79,$1:$1), ".") -> 0 | L79: {=VALUE(_xlfn.IFS(ISERROR(FIND("(",C79,1)),C79,TRUE,MID(C79,FIND("(",C79,1)+1,LEN(C79)-FIND("(",C79,1)-1)))} -> 2 | N79: =_xlfn.LET(_xlpm.count, _xlfn.MAXIFS('DWG NO.ALL'!D:D,'DWG NO.ALL'!B:B,I79), IF(_xlpm.count=L79, "-", _xlpm.count)) -> -
A80: 79 | B80: P-22112-1"-S1P4 | C80: 2 | D80: 45947 | E80: 45973 | H80: P-22112-1"-S1P4 | I80: =_xlfn.LET(_xlpm.pos,IF(ISNUMBER(FIND("TRIM",B80)), 3, 2), _xlfn.TEXTBEFORE(B80, "-", _xlpm.pos)) -> P-22112 | J80: =_xlfn.XLOOKUP("*",D80:F80,D80:F80,"",-1) -> 45973 | K80: =_xlfn.TEXTAFTER(_xlfn.XLOOKUP(J80,80:80,$1:$1), ".") -> 0 | L80: {=VALUE(_xlfn.IFS(ISERROR(FIND("(",C80,1)),C80,TRUE,MID(C80,FIND("(",C80,1)+1,LEN(C80)-FIND("(",C80,1)-1)))} -> 2 | N80: =_xlfn.LET(_xlpm.count, _xlfn.MAXIFS('DWG NO.ALL'!D:D,'DWG NO.ALL'!B:B,I80), IF(_xlpm.count=L80, "-", _xlpm.count)) -> -
A81: 80 | B81: P-22113-6"-S1PL-HC1 | C81: 3 | D81: 45947 | E81: 45973 | H81: P-22113-6"-S1PL-HC1 | I81: =_xlfn.LET(_xlpm.pos,IF(ISNUMBER(FIND("TRIM",B81)), 3, 2), _xlfn.TEXTBEFORE(B81, "-", _xlpm.pos)) -> P-22113 | J81: =_xlfn.XLOOKUP("*",D81:F81,D81:F81,"",-1) -> 45973 | K81: =_xlfn.TEXTAFTER(_xlfn.XLOOKUP(J81,81:81,$1:$1), ".") -> 0 | L81: {=VALUE(_xlfn.IFS(ISERROR(FIND("(",C81,1)),C81,TRUE,MID(C81,FIND("(",C81,1)+1,LEN(C81)-FIND("(",C81,1)-1)))} -> 3 | N81: =_xlfn.LET(_xlpm.count, _xlfn.MAXIFS('DWG NO.ALL'!D:D,'DWG NO.ALL'!B:B,I81), IF(_xlpm.count=L81, "-", _xlpm.count)) -> -
A82: 81 | B82: P-22114-1"-S1PL | C82: 2 | D82: 45947 | E82: 45973 | F82: 45989 | H82: P-22114-1"-S1PL | I82: =_xlfn.LET(_xlpm.pos,IF(ISNUMBER(FIND("TRIM",B82)), 3, 2), _xlfn.TEXTBEFORE(B82, "-", _xlpm.pos)) -> P-22114 | J82: =_xlfn.XLOOKUP("*",D82:F82,D82:F82,"",-1) -> 45989 | K82: =_xlfn.TEXTAFTER(_xlfn.XLOOKUP(J82,82:82,$1:$1), ".") -> 1 | L82: {=VALUE(_xlfn.IFS(ISERROR(FIND("(",C82,1)),C82,TRUE,MID(C82,FIND("(",C82,1)+1,LEN(C82)-FIND("(",C82,1)-1)))} -> 2 | N82: =_xlfn.LET(_xlpm.count, _xlfn.MAXIFS('DWG NO.ALL'!D:D,'DWG NO.ALL'!B:B,I82), IF(_xlpm.count=L82, "-", _xlpm.count)) -> -
A83: 82 | B83: P-22115-1.1/2"-S1PL-HC1 | C83: 2 | D83: 45947 | E83: 45973 | H83: P-22115-1.1/2"-S1PL-HC1 | I83: =_xlfn.LET(_xlpm.pos,IF(ISNUMBER(FIND("TRIM",B83)), 3, 2), _xlfn.TEXTBEFORE(B83, "-", _xlpm.pos)) -> P-22115 | J83: =_xlfn.XLOOKUP("*",D83:F83,D83:F83,"",-1) -> 45973 | K83: =_xlfn.TEXTAFTER(_xlfn.XLOOKUP(J83,83:83,$1:$1), ".") -> 0 | L83: {=VALUE(_xlfn.IFS(ISERROR(FIND("(",C83,1)),C83,TRUE,MID(C83,FIND("(",C83,1)+1,LEN(C83)-FIND("(",C83,1)-1)))} -> 2 | N83: =_xlfn.LET(_xlpm.count, _xlfn.MAXIFS('DWG NO.ALL'!D:D,'DWG NO.ALL'!B:B,I83), IF(_xlpm.count=L83, "-", _xlpm.count)) -> -
A84: 83 | B84: P-22116-2"-S1PL-HC1 | C84: 4 | D84: 45947 | E84: 45973 | H84: P-22116-2"-S1PL-HC1 | I84: =_xlfn.LET(_xlpm.pos,IF(ISNUMBER(FIND("TRIM",B84)), 3, 2), _xlfn.TEXTBEFORE(B84, "-", _xlpm.pos)) -> P-22116 | J84: =_xlfn.XLOOKUP("*",D84:F84,D84:F84,"",-1) -> 45973 | K84: =_xlfn.TEXTAFTER(_xlfn.XLOOKUP(J84,84:84,$1:$1), ".") -> 0 | L84: {=VALUE(_xlfn.IFS(ISERROR(FIND("(",C84,1)),C84,TRUE,MID(C84,FIND("(",C84,1)+1,LEN(C84)-FIND("(",C84,1)-1)))} -> 4 | N84: =_xlfn.LET(_xlpm.count, _xlfn.MAXIFS('DWG NO.ALL'!D:D,'DWG NO.ALL'!B:B,I84), IF(_xlpm.count=L84, "-", _xlpm.count)) -> -
A85: 84 | B85: P-22117-2"-S1PL-HC1 | C85: 1 | D85: 45947 | E85: 45973 | H85: P-22117-2"-S1PL-HC1 | I85: =_xlfn.LET(_xlpm.pos,IF(ISNUMBER(FIND("TRIM",B85)), 3, 2), _xlfn.TEXTBEFORE(B85, "-", _xlpm.pos)) -> P-22117 | J85: =_xlfn.XLOOKUP("*",D85:F85,D85:F85,"",-1) -> 45973 | K85: =_xlfn.TEXTAFTER(_xlfn.XLOOKUP(J85,85:85,$1:$1), ".") -> 0 | L85: {=VALUE(_xlfn.IFS(ISERROR(FIND("(",C85,1)),C85,TRUE,MID(C85,FIND("(",C85,1)+1,LEN(C85)-FIND("(",C85,1)-1)))} -> 1 | N85: =_xlfn.LET(_xlpm.count, _xlfn.MAXIFS('DWG NO.ALL'!D:D,'DWG NO.ALL'!B:B,I85), IF(_xlpm.count=L85, "-", _xlpm.count)) -> -
A86: 85 | B86: P-22118-1.1/2"-S1PL-HC1 | C86: 3 | D86: 45947 | E86: 45973 | H86: P-22118-1.1/2"-S1PL-HC1 | I86: =_xlfn.LET(_xlpm.pos,IF(ISNUMBER(FIND("TRIM",B86)), 3, 2), _xlfn.TEXTBEFORE(B86, "-", _xlpm.pos)) -> P-22118 | J86: =_xlfn.XLOOKUP("*",D86:F86,D86:F86,"",-1) -> 45973 | K86: =_xlfn.TEXTAFTER(_xlfn.XLOOKUP(J86,86:86,$1:$1), ".") -> 0 | L86: {=VALUE(_xlfn.IFS(ISERROR(FIND("(",C86,1)),C86,TRUE,MID(C86,FIND("(",C86,1)+1,LEN(C86)-FIND("(",C86,1)-1)))} -> 3 | N86: =_xlfn.LET(_xlpm.count, _xlfn.MAXIFS('DWG NO.ALL'!D:D,'DWG NO.ALL'!B:B,I86), IF(_xlpm.count=L86, "-", _xlpm.count)) -> -
A87: 86 | B87: P-22119-1.1/2"-S1PL-HC1 | C87: 2 | D87: 45947 | E87: 45973 | H87: P-22119-1.1/2"-S1PL-HC1 | I87: =_xlfn.LET(_xlpm.pos,IF(ISNUMBER(FIND("TRIM",B87)), 3, 2), _xlfn.TEXTBEFORE(B87, "-", _xlpm.pos)) -> P-22119 | J87: =_xlfn.XLOOKUP("*",D87:F87,D87:F87,"",-1) -> 45973 | K87: =_xlfn.TEXTAFTER(_xlfn.XLOOKUP(J87,87:87,$1:$1), ".") -> 0 | L87: {=VALUE(_xlfn.IFS(ISERROR(FIND("(",C87,1)),C87,TRUE,MID(C87,FIND("(",C87,1)+1,LEN(C87)-FIND("(",C87,1)-1)))} -> 2 | N87: =_xlfn.LET(_xlpm.count, _xlfn.MAXIFS('DWG NO.ALL'!D:D,'DWG NO.ALL'!B:B,I87), IF(_xlpm.count=L87, "-", _xlpm.count)) -> -
A88: 87 | B88: P-22120-3/4"-S1PL-HC1 | C88: 1 | D88: 45947 | E88: 45973 | H88: P-22120-3/4"-S1PL-HC1 | I88: =_xlfn.LET(_xlpm.pos,IF(ISNUMBER(FIND("TRIM",B88)), 3, 2), _xlfn.TEXTBEFORE(B88, "-", _xlpm.pos)) -> P-22120 | J88: =_xlfn.XLOOKUP("*",D88:F88,D88:F88,"",-1) -> 45973 | K88: =_xlfn.TEXTAFTER(_xlfn.XLOOKUP(J88,88:88,$1:$1), ".") -> 0 | L88: {=VALUE(_xlfn.IFS(ISERROR(FIND("(",C88,1)),C88,TRUE,MID(C88,FIND("(",C88,1)+1,LEN(C88)-FIND("(",C88,1)-1)))} -> 1 | N88: =_xlfn.LET(_xlpm.count, _xlfn.MAXIFS('DWG NO.ALL'!D:D,'DWG NO.ALL'!B:B,I88), IF(_xlpm.count=L88, "-", _xlpm.count)) -> -
A89: 88 | B89: P-22121-3/4"-S1PL-HC1 | C89: 1 | D89: 45947 | E89: 45973 | H89: P-22121-3/4"-S1PL-HC1 | I89: =_xlfn.LET(_xlpm.pos,IF(ISNUMBER(FIND("TRIM",B89)), 3, 2), _xlfn.TEXTBEFORE(B89, "-", _xlpm.pos)) -> P-22121 | J89: =_xlfn.XLOOKUP("*",D89:F89,D89:F89,"",-1) -> 45973 | K89: =_xlfn.TEXTAFTER(_xlfn.XLOOKUP(J89,89:89,$1:$1), ".") -> 0 | L89: {=VALUE(_xlfn.IFS(ISERROR(FIND("(",C89,1)),C89,TRUE,MID(C89,FIND("(",C89,1)+1,LEN(C89)-FIND("(",C89,1)-1)))} -> 1 | N89: =_xlfn.LET(_xlpm.count, _xlfn.MAXIFS('DWG NO.ALL'!D:D,'DWG NO.ALL'!B:B,I89), IF(_xlpm.count=L89, "-", _xlpm.count)) -> -
A90: 89 | B90: P-22122-1.1/2"-S1PL-HC1 | C90: 4 | D90: 45947 | E90: 45973 | H90: P-22122-1.1/2"-S1PL-HC1 | I90: =_xlfn.LET(_xlpm.pos,IF(ISNUMBER(FIND("TRIM",B90)), 3, 2), _xlfn.TEXTBEFORE(B90, "-", _xlpm.pos)) -> P-22122 | J90: =_xlfn.XLOOKUP("*",D90:F90,D90:F90,"",-1) -> 45973 | K90: =_xlfn.TEXTAFTER(_xlfn.XLOOKUP(J90,90:90,$1:$1), ".") -> 0 | L90: {=VALUE(_xlfn.IFS(ISERROR(FIND("(",C90,1)),C90,TRUE,MID(C90,FIND("(",C90,1)+1,LEN(C90)-FIND("(",C90,1)-1)))} -> 4 | N90: =_xlfn.LET(_xlpm.count, _xlfn.MAXIFS('DWG NO.ALL'!D:D,'DWG NO.ALL'!B:B,I90), IF(_xlpm.count=L90, "-", _xlpm.count)) -> -
A91: 90 | B91: P-22123-1"-S1P4 | C91: 4 | D91: 45947 | E91: 45973 | H91: P-22123-1"-S1P4 | I91: =_xlfn.LET(_xlpm.pos,IF(ISNUMBER(FIND("TRIM",B91)), 3, 2), _xlfn.TEXTBEFORE(B91, "-", _xlpm.pos)) -> P-22123 | J91: =_xlfn.XLOOKUP("*",D91:F91,D91:F91,"",-1) -> 45973 | K91: =_xlfn.TEXTAFTER(_xlfn.XLOOKUP(J91,91:91,$1:$1), ".") -> 0 | L91: {=VALUE(_xlfn.IFS(ISERROR(FIND("(",C91,1)),C91,TRUE,MID(C91,FIND("(",C91,1)+1,LEN(C91)-FIND("(",C91,1)-1)))} -> 4 | N91: =_xlfn.LET(_xlpm.count, _xlfn.MAXIFS('DWG NO.ALL'!D:D,'DWG NO.ALL'!B:B,I91), IF(_xlpm.count=L91, "-", _xlpm.count)) -> -
A92: 91 | B92: P-22124-1.1/2"-S1PL-PP1 | C92: 1 | D92: 45947 | E92: 45973 | H92: P-22124-1.1/2"-S1PL-PP1 | I92: =_xlfn.LET(_xlpm.pos,IF(ISNUMBER(FIND("TRIM",B92)), 3, 2), _xlfn.TEXTBEFORE(B92, "-", _xlpm.pos)) -> P-22124 | J92: =_xlfn.XLOOKUP("*",D92:F92,D92:F92,"",-1) -> 45973 | K92: =_xlfn.TEXTAFTER(_xlfn.XLOOKUP(J92,92:92,$1:$1), ".") -> 0 | L92: {=VALUE(_xlfn.IFS(ISERROR(FIND("(",C92,1)),C92,TRUE,MID(C92,FIND("(",C92,1)+1,LEN(C92)-FIND("(",C92,1)-1)))} -> 1 | N92: =_xlfn.LET(_xlpm.count, _xlfn.MAXIFS('DWG NO.ALL'!D:D,'DWG NO.ALL'!B:B,I92), IF(_xlpm.count=L92, "-", _xlpm.count)) -> -
A93: 92 | B93: P-22125-2"-S1PL-PP1 | C93: 1 | D93: 45947 | E93: 45973 | H93: P-22125-2"-S1PL-PP1 | I93: =_xlfn.LET(_xlpm.pos,IF(ISNUMBER(FIND("TRIM",B93)), 3, 2), _xlfn.TEXTBEFORE(B93, "-", _xlpm.pos)) -> P-22125 | J93: =_xlfn.XLOOKUP("*",D93:F93,D93:F93,"",-1) -> 45973 | K93: =_xlfn.TEXTAFTER(_xlfn.XLOOKUP(J93,93:93,$1:$1), ".") -> 0 | L93: {=VALUE(_xlfn.IFS(ISERROR(FIND("(",C93,1)),C93,TRUE,MID(C93,FIND("(",C93,1)+1,LEN(C93)-FIND("(",C93,1)-1)))} -> 1 | N93: =_xlfn.LET(_xlpm.count, _xlfn.MAXIFS('DWG NO.ALL'!D:D,'DWG NO.ALL'!B:B,I93), IF(_xlpm.count=L93, "-", _xlpm.count)) -> -
A94: 93 | B94: P-22126-2"-S1PL | C94: 5 | D94: 45947 | E94: 45973 | H94: P-22126-2"-S1PL | I94: =_xlfn.LET(_xlpm.pos,IF(ISNUMBER(FIND("TRIM",B94)), 3, 2), _xlfn.TEXTBEFORE(B94, "-", _xlpm.pos)) -> P-22126 | J94: =_xlfn.XLOOKUP("*",D94:F94,D94:F94,"",-1) -> 45973 | K94: =_xlfn.TEXTAFTER(_xlfn.XLOOKUP(J94,94:94,$1:$1), ".") -> 0 | L94: {=VALUE(_xlfn.IFS(ISERROR(FIND("(",C94,1)),C94,TRUE,MID(C94,FIND("(",C94,1)+1,LEN(C94)-FIND("(",C94,1)-1)))} -> 5 | N94: =_xlfn.LET(_xlpm.count, _xlfn.MAXIFS('DWG NO.ALL'!D:D,'DWG NO.ALL'!B:B,I94), IF(_xlpm.count=L94, "-", _xlpm.count)) -> -
A95: 94 | B95: P-22127-1"-S1PL-PP1 | C95: 1 | D95: 45947 | E95: 45973 | H95: P-22127-1"-S1PL-PP1 | I95: =_xlfn.LET(_xlpm.pos,IF(ISNUMBER(FIND("TRIM",B95)), 3, 2), _xlfn.TEXTBEFORE(B95, "-", _xlpm.pos)) -> P-22127 | J95: =_xlfn.XLOOKUP("*",D95:F95,D95:F95,"",-1) -> 45973 | K95: =_xlfn.TEXTAFTER(_xlfn.XLOOKUP(J95,95:95,$1:$1), ".") -> 0 | L95: {=VALUE(_xlfn.IFS(ISERROR(FIND("(",C95,1)),C95,TRUE,MID(C95,FIND("(",C95,1)+1,LEN(C95)-FIND("(",C95,1)-1)))} -> 1 | N95: =_xlfn.LET(_xlpm.count, _xlfn.MAXIFS('DWG NO.ALL'!D:D,'DWG NO.ALL'!B:B,I95), IF(_xlpm.count=L95, "-", _xlpm.count)) -> -
A96: 95 | B96: P-22128-1"-S1PL | C96: 2 | D96: 45947 | E96: 45973 | H96: P-22128-1"-S1PL | I96: =_xlfn.LET(_xlpm.pos,IF(ISNUMBER(FIND("TRIM",B96)), 3, 2), _xlfn.TEXTBEFORE(B96, "-", _xlpm.pos)) -> P-22128 | J96: =_xlfn.XLOOKUP("*",D96:F96,D96:F96,"",-1) -> 45973 | K96: =_xlfn.TEXTAFTER(_xlfn.XLOOKUP(J96,96:96,$1:$1), ".") -> 0 | L96: {=VALUE(_xlfn.IFS(ISERROR(FIND("(",C96,1)),C96,TRUE,MID(C96,FIND("(",C96,1)+1,LEN(C96)-FIND("(",C96,1)-1)))} -> 2 | N96: =_xlfn.LET(_xlpm.count, _xlfn.MAXIFS('DWG NO.ALL'!D:D,'DWG NO.ALL'!B:B,I96), IF(_xlpm.count=L96, "-", _xlpm.count)) -> -
A97: 96 | B97: P-22129-1"-S1PL | C97: 1 | D97: 45947 | E97: 45973 | H97: P-22129-1"-S1PL | I97: =_xlfn.LET(_xlpm.pos,IF(ISNUMBER(FIND("TRIM",B97)), 3, 2), _xlfn.TEXTBEFORE(B97, "-", _xlpm.pos)) -> P-22129 | J97: =_xlfn.XLOOKUP("*",D97:F97,D97:F97,"",-1) -> 45973 | K97: =_xlfn.TEXTAFTER(_xlfn.XLOOKUP(J97,97:97,$1:$1), ".") -> 0 | L97: {=VALUE(_xlfn.IFS(ISERROR(FIND("(",C97,1)),C97,TRUE,MID(C97,FIND("(",C97,1)+1,LEN(C97)-FIND("(",C97,1)-1)))} -> 1 | N97: =_xlfn.LET(_xlpm.count, _xlfn.MAXIFS('DWG NO.ALL'!D:D,'DWG NO.ALL'!B:B,I97), IF(_xlpm.count=L97, "-", _xlpm.count)) -> -
A98: 97 | B98: P-22201-6"-S1PL-HC1 | C98: 1 | D98: 45947 | E98: 45973 | H98: P-22201-6"-S1PL-HC1 | I98: =_xlfn.LET(_xlpm.pos,IF(ISNUMBER(FIND("TRIM",B98)), 3, 2), _xlfn.TEXTBEFORE(B98, "-", _xlpm.pos)) -> P-22201 | J98: =_xlfn.XLOOKUP("*",D98:F98,D98:F98,"",-1) -> 45973 | K98: =_xlfn.TEXTAFTER(_xlfn.XLOOKUP(J98,98:98,$1:$1), ".") -> 0 | L98: {=VALUE(_xlfn.IFS(ISERROR(FIND("(",C98,1)),C98,TRUE,MID(C98,FIND("(",C98,1)+1,LEN(C98)-FIND("(",C98,1)-1)))} -> 1 | N98: =_xlfn.LET(_xlpm.count, _xlfn.MAXIFS('DWG NO.ALL'!D:D,'DWG NO.ALL'!B:B,I98), IF(_xlpm.count=L98, "-", _xlpm.count)) -> -
A99: 98 | B99: P-22202-10"-S1PL-HC1 | C99: 1 | D99: 45947 | E99: 45973 | H99: P-22202-10"-S1PL-HC1 | I99: =_xlfn.LET(_xlpm.pos,IF(ISNUMBER(FIND("TRIM",B99)), 3, 2), _xlfn.TEXTBEFORE(B99, "-", _xlpm.pos)) -> P-22202 | J99: =_xlfn.XLOOKUP("*",D99:F99,D99:F99,"",-1) -> 45973 | K99: =_xlfn.TEXTAFTER(_xlfn.XLOOKUP(J99,99:99,$1:$1), ".") -> 0 | L99: {=VALUE(_xlfn.IFS(ISERROR(FIND("(",C99,1)),C99,TRUE,MID(C99,FIND("(",C99,1)+1,LEN(C99)-FIND("(",C99,1)-1)))} -> 1 | N99: =_xlfn.LET(_xlpm.count, _xlfn.MAXIFS('DWG NO.ALL'!D:D,'DWG NO.ALL'!B:B,I99), IF(_xlpm.count=L99, "-", _xlpm.count)) -> -
A100: 99 | B100: P-22203-2"-S1PL-HC1 | C100: 2 | D100: 45947 | E100: 45973 | H100: P-22203-2"-S1PL-HC1 | I100: =_xlfn.LET(_xlpm.pos,IF(ISNUMBER(FIND("TRIM",B100)), 3, 2), _xlfn.TEXTBEFORE(B100, "-", _xlpm.pos)) -> P-22203 | J100: =_xlfn.XLOOKUP("*",D100:F100,D100:F100,"",-1) -> 45973 | K100: =_xlfn.TEXTAFTER(_xlfn.XLOOKUP(J100,100:100,$1:$1), ".") -> 0 | L100: {=VALUE(_xlfn.IFS(ISERROR(FIND("(",C100,1)),C100,TRUE,MID(C100,FIND("(",C100,1)+1,LEN(C100)-FIND("(",C100,1)-1)))} -> 2 | N100: =_xlfn.LET(_xlpm.count, _xlfn.MAXIFS('DWG NO.ALL'!D:D,'DWG NO.ALL'!B:B,I100), IF(_xlpm.count=L100, "-", _xlpm.count)) -> -
...

Sheet DWG NO.ALL
A1: file | B1: LINE NO. | C1: Revision | D1: SheetIndex | E1: NumSheets | F1: chk.NumSheets | G1: file_basename | H1: chk.rev | I1: 流水號 | J1: 管線編號
A2: CW-22101-S1P1-Rev0-001.pdf | B2: =_xlfn.LET(_xlpm.pos,IF(ISNUMBER(FIND("TRIM",A2)), 3, 2), _xlfn.TEXTBEFORE(A2, "-", _xlpm.pos)) -> CW-22101 | C2: =_xlfn.TEXTBEFORE(_xlfn.TEXTAFTER(A2,"-Rev"), "-") -> 0 | D2: =VALUE(_xlfn.TEXTBEFORE(_xlfn.TEXTAFTER(A2, "-", -1), ".")) -> 1 | E2: =_xlfn.MAXIFS(D:D,B:B,B2) -> 3 | F2: =_xlfn.LET(_xlpm.count, _xlfn.XLOOKUP(B2,'CL.SOL5--20251227'!I:I,'CL.SOL5--20251227'!L:L), IF(_xlpm.count=E2,"-", _xlpm.count)) -> - | G2: =_xlfn.TEXTBEFORE(A2,".") -> CW-22101-S1P1-Rev0-001 | H2: =_xlfn.LET(_xlpm.rev, _xlfn.XLOOKUP(B2,'CL.SOL5--20251227'!I:I,'CL.SOL5--20251227'!K:K), IF(_xlpm.rev=C2, "-", _xlpm.rev)) -> - | I2: 1 | J2: =_xlfn.XLOOKUP(B2,'CL.SOL5--20251227'!I:I,'CL.SOL5--20251227'!H:H) -> CW-22101-2"-S1P1
A3: CW-22101-S1P1-Rev0-002.pdf | B3: =_xlfn.LET(_xlpm.pos,IF(ISNUMBER(FIND("TRIM",A3)), 3, 2), _xlfn.TEXTBEFORE(A3, "-", _xlpm.pos)) -> CW-22101 | C3: =_xlfn.TEXTBEFORE(_xlfn.TEXTAFTER(A3,"-Rev"), "-") -> 0 | D3: =VALUE(_xlfn.TEXTBEFORE(_xlfn.TEXTAFTER(A3, "-", -1), ".")) -> 2 | E3: =_xlfn.MAXIFS(D:D,B:B,B3) -> 3 | F3: =_xlfn.LET(_xlpm.count, _xlfn.XLOOKUP(B3,'CL.SOL5--20251227'!I:I,'CL.SOL5--20251227'!L:L), IF(_xlpm.count=E3,"-", _xlpm.count)) -> - | G3: =_xlfn.TEXTBEFORE(A3,".") -> CW-22101-S1P1-Rev0-002 | H3: =_xlfn.LET(_xlpm.rev, _xlfn.XLOOKUP(B3,'CL.SOL5--20251227'!I:I,'CL.SOL5--20251227'!K:K), IF(_xlpm.rev=C3, "-", _xlpm.rev)) -> - | I3: 2 | J3: =_xlfn.XLOOKUP(B3,'CL.SOL5--20251227'!I:I,'CL.SOL5--20251227'!H:H) -> CW-22101-2"-S1P1
A4: CW-22101-S1P1-Rev0-003.pdf | B4: =_xlfn.LET(_xlpm.pos,IF(ISNUMBER(FIND("TRIM",A4)), 3, 2), _xlfn.TEXTBEFORE(A4, "-", _xlpm.pos)) -> CW-22101 | C4: =_xlfn.TEXTBEFORE(_xlfn.TEXTAFTER(A4,"-Rev"), "-") -> 0 | D4: =VALUE(_xlfn.TEXTBEFORE(_xlfn.TEXTAFTER(A4, "-", -1), ".")) -> 3 | E4: =_xlfn.MAXIFS(D:D,B:B,B4) -> 3 | F4: =_xlfn.LET(_xlpm.count, _xlfn.XLOOKUP(B4,'CL.SOL5--20251227'!I:I,'CL.SOL5--20251227'!L:L), IF(_xlpm.count=E4,"-", _xlpm.count)) -> - | G4: =_xlfn.TEXTBEFORE(A4,".") -> CW-22101-S1P1-Rev0-003 | H4: =_xlfn.LET(_xlpm.rev, _xlfn.XLOOKUP(B4,'CL.SOL5--20251227'!I:I,'CL.SOL5--20251227'!K:K), IF(_xlpm.rev=C4, "-", _xlpm.rev)) -> - | I4: 3 | J4: =_xlfn.XLOOKUP(B4,'CL.SOL5--20251227'!I:I,'CL.SOL5--20251227'!H:H) -> CW-22101-2"-S1P1
A5: CW-22102-S1P1-Rev0-001.pdf | B5: =_xlfn.LET(_xlpm.pos,IF(ISNUMBER(FIND("TRIM",A5)), 3, 2), _xlfn.TEXTBEFORE(A5, "-", _xlpm.pos)) -> CW-22102 | C5: =_xlfn.TEXTBEFORE(_xlfn.TEXTAFTER(A5,"-Rev"), "-") -> 0 | D5: =VALUE(_xlfn.TEXTBEFORE(_xlfn.TEXTAFTER(A5, "-", -1), ".")) -> 1 | E5: =_xlfn.MAXIFS(D:D,B:B,B5) -> 3 | F5: =_xlfn.LET(_xlpm.count, _xlfn.XLOOKUP(B5,'CL.SOL5--20251227'!I:I,'CL.SOL5--20251227'!L:L), IF(_xlpm.count=E5,"-", _xlpm.count)) -> - | G5: =_xlfn.TEXTBEFORE(A5,".") -> CW-22102-S1P1-Rev0-001 | H5: =_xlfn.LET(_xlpm.rev, _xlfn.XLOOKUP(B5,'CL.SOL5--20251227'!I:I,'CL.SOL5--20251227'!K:K), IF(_xlpm.rev=C5, "-", _xlpm.rev)) -> - | I5: 4 | J5: =_xlfn.XLOOKUP(B5,'CL.SOL5--20251227'!I:I,'CL.SOL5--20251227'!H:H) -> CW-22102-2"-S1P1
A6: CW-22102-S1P1-Rev0-002.pdf | B6: =_xlfn.LET(_xlpm.pos,IF(ISNUMBER(FIND("TRIM",A6)), 3, 2), _xlfn.TEXTBEFORE(A6, "-", _xlpm.pos)) -> CW-22102 | C6: =_xlfn.TEXTBEFORE(_xlfn.TEXTAFTER(A6,"-Rev"), "-") -> 0 | D6: =VALUE(_xlfn.TEXTBEFORE(_xlfn.TEXTAFTER(A6, "-", -1), ".")) -> 2 | E6: =_xlfn.MAXIFS(D:D,B:B,B6) -> 3 | F6: =_xlfn.LET(_xlpm.count, _xlfn.XLOOKUP(B6,'CL.SOL5--20251227'!I:I,'CL.SOL5--20251227'!L:L), IF(_xlpm.count=E6,"-", _xlpm.count)) -> - | G6: =_xlfn.TEXTBEFORE(A6,".") -> CW-22102-S1P1-Rev0-002 | H6: =_xlfn.LET(_xlpm.rev, _xlfn.XLOOKUP(B6,'CL.SOL5--20251227'!I:I,'CL.SOL5--20251227'!K:K), IF(_xlpm.rev=C6, "-", _xlpm.rev)) -> - | I6: 5 | J6: =_xlfn.XLOOKUP(B6,'CL.SOL5--20251227'!I:I,'CL.SOL5--20251227'!H:H) -> CW-22102-2"-S1P1
A7: CW-22102-S1P1-Rev0-003.pdf | B7: =_xlfn.LET(_xlpm.pos,IF(ISNUMBER(FIND("TRIM",A7)), 3, 2), _xlfn.TEXTBEFORE(A7, "-", _xlpm.pos)) -> CW-22102 | C7: =_xlfn.TEXTBEFORE(_xlfn.TEXTAFTER(A7,"-Rev"), "-") -> 0 | D7: =VALUE(_xlfn.TEXTBEFORE(_xlfn.TEXTAFTER(A7, "-", -1), ".")) -> 3 | E7: =_xlfn.MAXIFS(D:D,B:B,B7) -> 3 | F7: =_xlfn.LET(_xlpm.count, _xlfn.XLOOKUP(B7,'CL.SOL5--20251227'!I:I,'CL.SOL5--20251227'!L:L), IF(_xlpm.count=E7,"-", _xlpm.count)) -> - | G7: =_xlfn.TEXTBEFORE(A7,".") -> CW-22102-S1P1-Rev0-003 | H7: =_xlfn.LET(_xlpm.rev, _xlfn.XLOOKUP(B7,'CL.SOL5--20251227'!I:I,'CL.SOL5--20251227'!K:K), IF(_xlpm.rev=C7, "-", _xlpm.rev)) -> - | I7: 6 | J7: =_xlfn.XLOOKUP(B7,'CL.SOL5--20251227'!I:I,'CL.SOL5--20251227'!H:H) -> CW-22102-2"-S1P1
A8: CW-22103-S1P1-Rev0-001.pdf | B8: =_xlfn.LET(_xlpm.pos,IF(ISNUMBER(FIND("TRIM",A8)), 3, 2), _xlfn.TEXTBEFORE(A8, "-", _xlpm.pos)) -> CW-22103 | C8: =_xlfn.TEXTBEFORE(_xlfn.TEXTAFTER(A8,"-Rev"), "-") -> 0 | D8: =VALUE(_xlfn.TEXTBEFORE(_xlfn.TEXTAFTER(A8, "-", -1), ".")) -> 1 | E8: =_xlfn.MAXIFS(D:D,B:B,B8) -> 2 | F8: =_xlfn.LET(_xlpm.count, _xlfn.XLOOKUP(B8,'CL.SOL5--20251227'!I:I,'CL.SOL5--20251227'!L:L), IF(_xlpm.count=E8,"-", _xlpm.count)) -> - | G8: =_xlfn.TEXTBEFORE(A8,".") -> CW-22103-S1P1-Rev0-001 | H8: =_xlfn.LET(_xlpm.rev, _xlfn.XLOOKUP(B8,'CL.SOL5--20251227'!I:I,'CL.SOL5--20251227'!K:K), IF(_xlpm.rev=C8, "-", _xlpm.rev)) -> - | I8: 7 | J8: =_xlfn.XLOOKUP(B8,'CL.SOL5--20251227'!I:I,'CL.SOL5--20251227'!H:H) -> CW-22103-1"-S1P1
A9: CW-22103-S1P1-Rev0-002.pdf | B9: =_xlfn.LET(_xlpm.pos,IF(ISNUMBER(FIND("TRIM",A9)), 3, 2), _xlfn.TEXTBEFORE(A9, "-", _xlpm.pos)) -> CW-22103 | C9: =_xlfn.TEXTBEFORE(_xlfn.TEXTAFTER(A9,"-Rev"), "-") -> 0 | D9: =VALUE(_xlfn.TEXTBEFORE(_xlfn.TEXTAFTER(A9, "-", -1), ".")) -> 2 | E9: =_xlfn.MAXIFS(D:D,B:B,B9) -> 2 | F9: =_xlfn.LET(_xlpm.count, _xlfn.XLOOKUP(B9,'CL.SOL5--20251227'!I:I,'CL.SOL5--20251227'!L:L), IF(_xlpm.count=E9,"-", _xlpm.count)) -> - | G9: =_xlfn.TEXTBEFORE(A9,".") -> CW-22103-S1P1-Rev0-002 | H9: =_xlfn.LET(_xlpm.rev, _xlfn.XLOOKUP(B9,'CL.SOL5--20251227'!I:I,'CL.SOL5--20251227'!K:K), IF(_xlpm.rev=C9, "-", _xlpm.rev)) -> - | I9: 8 | J9: =_xlfn.XLOOKUP(B9,'CL.SOL5--20251227'!I:I,'CL.SOL5--20251227'!H:H) -> CW-22103-1"-S1P1
A10: CW-22104-S1P1-Rev0-001.pdf | B10: =_xlfn.LET(_xlpm.pos,IF(ISNUMBER(FIND("TRIM",A10)), 3, 2), _xlfn.TEXTBEFORE(A10, "-", _xlpm.pos)) -> CW-22104 | C10: =_xlfn.TEXTBEFORE(_xlfn.TEXTAFTER(A10,"-Rev"), "-") -> 0 | D10: =VALUE(_xlfn.TEXTBEFORE(_xlfn.TEXTAFTER(A10, "-", -1), ".")) -> 1 | E10: =_xlfn.MAXIFS(D:D,B:B,B10) -> 3 | F10: =_xlfn.LET(_xlpm.count, _xlfn.XLOOKUP(B10,'CL.SOL5--20251227'!I:I,'CL.SOL5--20251227'!L:L), IF(_xlpm.count=E10,"-", _xlpm.count)) -> - | G10: =_xlfn.TEXTBEFORE(A10,".") -> CW-22104-S1P1-Rev0-001 | H10: =_xlfn.LET(_xlpm.rev, _xlfn.XLOOKUP(B10,'CL.SOL5--20251227'!I:I,'CL.SOL5--20251227'!K:K), IF(_xlpm.rev=C10, "-", _xlpm.rev)) -> - | I10: 9 | J10: =_xlfn.XLOOKUP(B10,'CL.SOL5--20251227'!I:I,'CL.SOL5--20251227'!H:H) -> CW-22104-1"-S1P1
A11: CW-22104-S1P1-Rev0-002.pdf | B11: =_xlfn.LET(_xlpm.pos,IF(ISNUMBER(FIND("TRIM",A11)), 3, 2), _xlfn.TEXTBEFORE(A11, "-", _xlpm.pos)) -> CW-22104 | C11: =_xlfn.TEXTBEFORE(_xlfn.TEXTAFTER(A11,"-Rev"), "-") -> 0 | D11: =VALUE(_xlfn.TEXTBEFORE(_xlfn.TEXTAFTER(A11, "-", -1), ".")) -> 2 | E11: =_xlfn.MAXIFS(D:D,B:B,B11) -> 3 | F11: =_xlfn.LET(_xlpm.count, _xlfn.XLOOKUP(B11,'CL.SOL5--20251227'!I:I,'CL.SOL5--20251227'!L:L), IF(_xlpm.count=E11,"-", _xlpm.count)) -> - | G11: =_xlfn.TEXTBEFORE(A11,".") -> CW-22104-S1P1-Rev0-002 | H11: =_xlfn.LET(_xlpm.rev, _xlfn.XLOOKUP(B11,'CL.SOL5--20251227'!I:I,'CL.SOL5--20251227'!K:K), IF(_xlpm.rev=C11, "-", _xlpm.rev)) -> - | I11: 10 | J11: =_xlfn.XLOOKUP(B11,'CL.SOL5--20251227'!I:I,'CL.SOL5--20251227'!H:H) -> CW-22104-1"-S1P1
A12: CW-22104-S1P1-Rev0-003.pdf | B12: =_xlfn.LET(_xlpm.pos,IF(ISNUMBER(FIND("TRIM",A12)), 3, 2), _xlfn.TEXTBEFORE(A12, "-", _xlpm.pos)) -> CW-22104 | C12: =_xlfn.TEXTBEFORE(_xlfn.TEXTAFTER(A12,"-Rev"), "-") -> 0 | D12: =VALUE(_xlfn.TEXTBEFORE(_xlfn.TEXTAFTER(A12, "-", -1), ".")) -> 3 | E12: =_xlfn.MAXIFS(D:D,B:B,B12) -> 3 | F12: =_xlfn.LET(_xlpm.count, _xlfn.XLOOKUP(B12,'CL.SOL5--20251227'!I:I,'CL.SOL5--20251227'!L:L), IF(_xlpm.count=E12,"-", _xlpm.count)) -> - | G12: =_xlfn.TEXTBEFORE(A12,".") -> CW-22104-S1P1-Rev0-003 | H12: =_xlfn.LET(_xlpm.rev, _xlfn.XLOOKUP(B12,'CL.SOL5--20251227'!I:I,'CL.SOL5--20251227'!K:K), IF(_xlpm.rev=C12, "-", _xlpm.rev)) -> - | I12: 11 | J12: =_xlfn.XLOOKUP(B12,'CL.SOL5--20251227'!I:I,'CL.SOL5--20251227'!H:H) -> CW-22104-1"-S1P1
A13: CW-22105-S1P1-Rev0-001.pdf | B13: =_xlfn.LET(_xlpm.pos,IF(ISNUMBER(FIND("TRIM",A13)), 3, 2), _xlfn.TEXTBEFORE(A13, "-", _xlpm.pos)) -> CW-22105 | C13: =_xlfn.TEXTBEFORE(_xlfn.TEXTAFTER(A13,"-Rev"), "-") -> 0 | D13: =VALUE(_xlfn.TEXTBEFORE(_xlfn.TEXTAFTER(A13, "-", -1), ".")) -> 1 | E13: =_xlfn.MAXIFS(D:D,B:B,B13) -> 2 | F13: =_xlfn.LET(_xlpm.count, _xlfn.XLOOKUP(B13,'CL.SOL5--20251227'!I:I,'CL.SOL5--20251227'!L:L), IF(_xlpm.count=E13,"-", _xlpm.count)) -> - | G13: =_xlfn.TEXTBEFORE(A13,".") -> CW-22105-S1P1-Rev0-001 | H13: =_xlfn.LET(_xlpm.rev, _xlfn.XLOOKUP(B13,'CL.SOL5--20251227'!I:I,'CL.SOL5--20251227'!K:K), IF(_xlpm.rev=C13, "-", _xlpm.rev)) -> - | I13: 12 | J13: =_xlfn.XLOOKUP(B13,'CL.SOL5--20251227'!I:I,'CL.SOL5--20251227'!H:H) -> CW-22105-4"-S1P1
... A313: WW-22371-S1P4-Rev0-005.pdf | B313: =_xlfn.LET(_xlpm.pos,IF(ISNUMBER(FIND("TRIM",A313)), 3, 2), _xlfn.TEXTBEFORE(A313, "-", _xlpm.pos)) -> WW-22371 | C313: =_xlfn.TEXTBEFORE(_xlfn.TEXTAFTER(A313,"-Rev"), "-") -> 0 | D313: =VALUE(_xlfn.TEXTBEFORE(_xlfn.TEXTAFTER(A313, "-", -1), ".")) -> 5 | E313: =_xlfn.MAXIFS(D:D,B:B,B313) -> 5 | F313: =_xlfn.LET(_xlpm.count, _xlfn.XLOOKUP(B313,'CL.SOL5--20251227'!I:I,'CL.SOL5--20251227'!L:L), IF(_xlpm.count=E313,"-", _xlpm.count)) -> - | G313: =_xlfn.TEXTBEFORE(A313,".") -> WW-22371-S1P4-Rev0-005 | H313: =_xlfn.LET(_xlpm.rev, _xlfn.XLOOKUP(B313,'CL.SOL5--20251227'!I:I,'CL.SOL5--20251227'!K:K), IF(_xlpm.rev=C313, "-", _xlpm.rev)) -> - | I313: 312 | J313: =_xlfn.XLOOKUP(B313,'CL.SOL5--20251227'!I:I,'CL.SOL5--20251227'!H:H) -> WW-22371-1.1/2"-S1P4

Sheet 圖號清單
A1: 溶劑5廠ISO圖號清單-114.12.27
A3: 流水號 | B3: file_basename | C3: 管線編號 | D3: Revision
A4: 1 | B4: CW-22101-S1P1-Rev0-001 | C4: CW-22101-2"-S1P1 | D4: 0
A5: 2 | B5: CW-22101-S1P1-Rev0-002 | C5: CW-22101-2"-S1P1 | D5: 0
A6: 3 | B6: CW-22101-S1P1-Rev0-003 | C6: CW-22101-2"-S1P1 | D6: 0
A7: 4 | B7: CW-22102-S1P1-Rev0-001 | C7: CW-22102-2"-S1P1 | D7: 0
A8: 5 | B8: CW-22102-S1P1-Rev0-002 | C8: CW-22102-2"-S1P1 | D8: 0
A9: 6 | B9: CW-22102-S1P1-Rev0-003 | C9: CW-22102-2"-S1P1 | D9: 0
A10: 7 | B10: CW-22103-S1P1-Rev0-001 | C10: CW-22103-1"-S1P1 | D10: 0
A11: 8 | B11: CW-22103-S1P1-Rev0-002 | C11: CW-22103-1"-S1P1 | D11: 0
A12: 9 | B12: CW-22104-S1P1-Rev0-001 | C12: CW-22104-1"-S1P1 | D12: 0
A13: 10 | B13: CW-22104-S1P1-Rev0-002 | C13: CW-22104-1"-S1P1 | D13: 0
A14: 11 | B14: CW-22104-S1P1-Rev0-003 | C14: CW-22104-1"-S1P1 | D14: 0
A15: 12 | B15: CW-22105-S1P1-Rev0-001 | C15: CW-22105-4"-S1P1 | D15: 0
... A315: 312 | B315: WW-22371-S1P4-Rev0-005 | C315: WW-22371-1.1/2"-S1P4 | D315: 0
A316: 總計
